Q1;Q2;Q3;Q4;Q5;Q6;Q7;Q8;Q9;Q10;Q11;Q12;Q13;Q14;Q15;Q16;Q17;Q18;Q19;Q20;Q21;Q22;Q23;Q24;Q25;Q26;Q27;Q28;Q29;Q30;Q31;Q32;Q33;Q34;Q35;Q36;Q37;Q38
I1;4;3;3;3;4;4;4;4;5;5;2;2;2;2;2;2;2;2;2;3;3;3;3;3;3;3;3;3;4;3;3;3;3;3;3;3;3;3
I2;3;3;3;3;3;2;3;3;4;4;2;2;2;2;2;2;1;2;2;2;2;2;3;2;3;3;2;3;3;3;3;3;3;3;3;3;3;3
I3;3;3;3;3;3;3;3;3;4;4;2;2;2;2;2;2;2;2;2;4;4;4;3;4;4;3;4;4;2;3;3;3;2;2;2;3;2;2
I4;3;3;4;4;4;3;3;3;4;4;2;1;1;2;1;1;1;1;1;3;3;3;3;3;3;3;3;3;2;2;2;2;2;2;2;2;2;2
I5;3;3;3;3;4;3;3;3;4;4;2;2;2;1;2;2;2;2;2;4;3;3;3;4;4;3;3;3;2;2;2;2;3;2;2;2;2;2
I6;3;3;3;3;3;3;3;3;4;3;2;3;2;3;3;3;2;2;3;4;3;3;4;3;4;4;4;4;3;3;3;3;3;3;3;3;3;3
I7;4;4;3;4;4;4;4;3;3;3;1;1;1;1;2;1;1;1;1;4;3;3;3;4;4;4;3;3;2;2;2;2;2;2;2;2;2;2
I8;3;3;3;3;3;3;3;3;4;4;2;2;2;2;2;2;2;2;2;4;4;4;4;4;4;4;5;4;4;4;4;4;4;4;4;5;4;4
I9;4;4;4;4;4;4;4;4;4;4;2;2;2;2;2;2;2;2;2;2;3;3;3;3;3;2;2;3;2;3;3;3;2;3;3;3;3;3
I10;3;3;3;3;3;3;3;3;4;4;2;2;2;2;2;2;2;2;2;3;4;4;3;4;3;3;4;4;3;3;3;3;3;3;3;3;3;3
I11;4;4;4;3;4;4;4;4;4;4;2;3;2;3;3;2;3;2;3;4;3;4;4;4;3;3;4;3;3;3;2;3;3;3;2;3;2;3
I12;4;4;4;4;4;4;4;4;4;4;2;2;2;2;2;2;2;2;2;3;3;3;3;3;3;3;3;3;3;3;3;3;3;2;3;3;3;3
I13;2;2;3;2;2;2;2;2;4;3;2;2;2;2;2;2;2;2;2;4;4;4;4;4;4;4;4;4;4;3;3;3;4;3;3;3;3;4
I14;3;3;3;3;3;3;3;3;3;4;2;2;2;2;1;2;2;2;2;4;4;4;4;3;4;4;3;4;2;3;2;3;2;2;2;3;2;3
I15;3;3;3;3;3;3;3;3;4;4;2;2;1;2;2;1;1;2;2;4;4;4;4;4;4;4;4;4;2;3;2;3;3;3;3;3;3;3
I16;3;3;3;3;3;3;3;3;4;5;2;2;2;2;3;3;2;2;2;3;4;4;4;3;4;3;4;3;2;3;3;3;3;3;3;3;2;3
I17;3;3;3;3;3;3;3;3;4;3;2;2;2;2;2;2;2;2;2;3;3;3;3;3;3;3;3;3;3;3;3;3;3;3;3;3;3;3
I18;2;2;2;2;2;2;2;2;3;3;2;2;2;2;2;2;2;2;2;3;3;3;3;3;3;3;3;3;3;3;4;4;3;3;3;3;3;3
I19;2;2;2;1;2;2;2;2;5;4;2;2;2;2;2;2;2;2;2;3;3;3;3;4;4;3;3;3;2;2;2;2;2;2;2;2;2;2
I20;4;3;4;4;3;4;4;4;4;4;2;2;2;2;2;2;2;2;2;3;3;3;3;4;3;3;3;3;3;2;2;3;2;3;3;3;3;3
I21;3;3;3;3;3;3;3;3;5;5;3;3;2;3;3;3;2;2;3;4;4;5;4;5;4;5;5;5;3;3;3;3;3;3;3;3;3;3
I22;2;2;2;2;2;2;2;2;4;4;1;1;1;1;1;1;1;1;2;4;5;5;4;4;5;5;5;5;4;4;4;4;4;4;4;4;4;4
I23;3;3;3;3;3;3;3;3;4;5;2;2;2;2;2;2;2;2;2;4;4;4;4;4;4;4;4;4;3;3;3;3;3;3;4;3;3;3
I24;4;4;4;4;3;3;4;3;4;4;2;2;2;2;2;2;2;2;2;4;4;4;4;4;4;4;4;4;3;3;3;3;3;3;3;3;3;3
I25;4;4;4;4;4;4;4;4;4;4;2;2;2;2;2;2;2;2;2;3;4;3;3;3;4;3;4;3;3;3;3;3;3;2;3;3;3;3
I26;3;3;3;2;2;2;3;3;5;4;2;2;2;2;2;2;2;2;2;3;3;3;3;3;3;3;3;3;2;3;3;2;2;2;2;2;2;2
I27;3;3;3;3;3;3;2;3;4;4;3;3;3;2;2;3;3;2;3;4;3;3;3;3;3;3;3;3;3;3;3;3;3;3;2;3;3;3
I28;2;2;2;2;2;2;2;2;4;4;2;2;2;2;2;2;2;2;2;5;5;5;5;5;5;5;4;5;3;3;3;3;3;3;3;3;3;3
I29;3;4;3;3;4;3;3;3;4;5;2;1;2;1;1;2;2;2;2;2;3;3;2;3;3;3;3;3;2;2;2;2;2;2;2;2;2;2
I30;3;3;3;3;3;2;2;3;5;5;3;2;2;3;3;3;3;2;3;4;3;3;3;3;4;3;4;3;2;2;2;2;2;2;2;3;2;2
I31;3;3;3;4;3;3;3;3;4;4;1;1;1;1;1;2;1;1;1;4;4;3;4;4;4;4;4;4;3;3;3;3;3;3;3;3;3;3
I32;3;3;3;3;3;3;3;3;5;4;3;3;3;3;3;3;3;3;3;3;3;3;3;3;3;3;3;3;3;3;3;3;3;3;3;3;3;3
I33;3;3;4;4;4;4;3;4;4;4;1;2;1;1;1;1;1;1;1;4;4;4;4;4;4;4;4;4;4;3;3;4;4;4;4;4;3;4
I34;3;3;3;2;3;3;3;2;4;5;3;2;2;2;2;2;3;2;3;3;3;4;3;3;4;3;3;4;3;3;3;3;3;3;3;3;3;3
I35;3;3;3;3;3;3;3;3;4;5;3;3;3;3;3;3;3;3;3;3;3;3;3;4;3;3;3;3;3;3;3;3;3;3;3;3;3;3
I36;2;2;2;2;2;2;2;2;5;5;1;1;1;1;1;2;1;1;1;4;4;4;4;4;4;4;4;4;3;3;2;2;2;3;2;2;2;2
I37;3;2;2;3;2;3;3;2;4;4;1;1;1;1;1;1;1;1;1;4;4;3;4;4;4;4;4;4;3;3;3;3;3;3;3;3;3;3
I38;2;2;2;3;3;3;2;3;4;4;3;2;3;3;3;3;3;3;3;4;4;4;4;4;4;4;4;4;2;3;3;3;2;3;3;3;3;2
I39;1;2;2;2;2;2;2;2;3;3;2;2;2;2;2;2;2;1;2;4;4;3;3;4;4;4;4;4;3;3;3;3;3;3;3;3;3;3
I40;3;3;3;3;3;3;3;3;4;4;2;2;2;2;3;2;2;2;2;3;3;3;3;3;3;3;3;3;3;2;3;3;3;3;3;2;3;3
I41;3;3;4;3;3;3;3;3;4;4;4;4;4;4;4;4;4;4;4;4;4;4;4;4;4;4;4;4;3;3;3;3;3;3;3;3;3;3
I42;3;3;3;3;3;3;3;3;4;4;2;2;2;2;2;2;2;2;2;5;5;5;5;4;4;4;5;5;4;4;4;4;4;4;3;4;4;4
I43;3;4;3;3;3;3;3;3;4;4;2;2;2;2;2;2;2;2;2;4;4;4;4;4;4;4;4;4;3;3;3;3;3;3;3;3;2;2
I44;3;3;3;3;3;3;2;2;4;4;2;1;1;1;1;1;1;1;1;3;4;4;3;3;4;4;3;3;4;3;4;4;3;4;4;3;3;4
I45;2;2;2;3;2;2;2;2;4;4;2;2;2;2;2;2;2;2;2;4;4;4;4;4;4;4;4;4;4;4;3;3;3;4;4;4;3;4
I46;3;3;3;3;3;3;3;3;4;4;1;1;1;1;1;1;1;1;1;3;4;4;4;4;3;4;3;4;2;2;1;2;2;2;2;2;2;2
I47;3;3;2;2;3;2;3;3;5;5;2;2;2;2;2;2;3;2;3;3;4;4;4;4;4;3;4;4;3;2;2;2;2;3;2;2;3;3
I48;4;4;4;4;4;4;4;4;4;4;1;1;1;1;1;1;1;1;1;3;3;3;3;3;3;3;3;3;3;3;3;3;3;3;4;3;3;3
I49;3;3;3;3;3;3;3;3;4;3;1;1;2;2;1;2;1;1;1;3;3;3;3;3;3;3;3;3;3;3;3;2;3;3;3;2;3;3
I50;3;3;3;3;3;4;3;3;4;4;2;1;2;2;1;1;2;2;1;3;3;3;3;3;3;3;3;3;2;3;3;3;2;3;3;2;3;3
I51;3;3;3;3;3;4;3;3;3;4;3;2;2;3;3;2;2;2;2;3;3;3;4;3;3;3;3;3;3;3;3;3;3;3;3;3;3;3
I52;3;3;3;3;3;3;2;2;4;4;3;3;3;2;3;2;3;3;3;4;4;4;3;4;4;4;4;4;3;3;2;3;2;3;3;3;2;3
I53;4;4;4;4;4;4;4;4;4;4;3;3;3;2;2;3;3;3;3;2;2;3;3;3;3;2;3;3;2;3;3;3;3;3;3;3;2;3
I54;3;3;4;4;3;3;4;3;4;4;1;1;1;2;1;1;1;1;2;3;3;3;3;4;3;4;3;3;3;3;3;3;2;3;2;3;3;3
I55;3;3;3;3;3;3;3;3;4;4;2;2;2;2;2;2;2;2;2;4;3;4;3;3;4;4;3;4;3;3;3;3;3;3;3;3;3;3
I56;3;4;3;3;3;3;3;3;4;4;2;2;2;2;1;2;1;2;2;4;4;4;4;4;4;4;4;4;3;3;3;3;3;3;4;3;3;3
I57;3;3;3;3;4;3;3;3;4;4;1;1;1;1;1;1;1;2;2;3;3;3;3;2;2;2;2;2;2;2;2;2;3;3;2;2;2;2
I58;3;3;3;3;3;3;3;3;5;5;2;2;2;2;2;2;2;2;2;3;3;3;3;4;4;3;3;3;3;3;4;3;3;3;3;4;3;3
I59;2;1;2;2;1;2;1;1;4;4;2;3;3;2;2;2;2;2;2;4;4;4;4;4;4;4;4;4;2;2;2;2;2;2;2;2;2;2
I60;3;3;3;4;3;3;3;4;4;4;2;2;2;2;2;2;2;3;2;2;3;3;3;3;3;3;3;3;3;3;3;3;2;3;3;3;3;3
I61;3;3;3;3;3;3;3;2;4;4;3;3;3;3;3;3;2;3;3;4;4;4;4;3;4;4;3;4;3;4;4;4;4;3;4;4;4;4
I62;3;3;3;3;3;3;4;3;5;5;2;2;2;2;2;2;2;2;2;4;3;3;4;3;4;4;4;3;3;3;3;3;4;4;3;3;3;3
I63;3;3;3;3;3;4;3;3;5;5;2;2;2;2;2;2;1;2;2;3;3;4;3;4;4;3;3;3;3;3;3;3;3;3;3;3;3;3
I64;4;3;4;4;4;4;4;4;4;3;2;2;2;2;2;2;2;2;2;4;3;3;3;3;4;3;4;3;3;3;3;3;3;3;3;3;3;3
I65;3;3;3;2;3;3;3;3;5;5;2;2;2;2;2;2;2;2;2;3;3;3;3;3;3;4;3;3;3;3;3;3;3;3;3;3;3;3
I66;4;3;4;3;4;3;4;4;5;4;2;2;2;2;2;2;2;2;2;3;3;3;3;3;3;3;3;3;3;3;3;3;3;3;3;3;3;3
I67;3;3;3;3;3;3;3;3;4;4;2;2;1;2;2;2;2;2;2;4;4;4;4;4;4;4;4;4;3;3;2;3;2;2;2;2;2;2
I68;3;4;3;3;3;3;4;4;3;4;2;2;2;2;2;2;2;3;2;4;5;4;5;5;5;5;5;4;3;4;3;4;3;4;4;3;3;3
I69;3;4;4;3;4;3;3;3;4;4;2;2;2;2;2;1;2;2;2;4;4;4;4;4;4;4;4;4;3;3;3;3;3;3;3;3;3;3
I70;3;4;3;3;3;3;3;4;5;5;3;2;2;2;2;2;3;2;2;3;3;3;3;3;3;3;3;3;4;4;4;4;4;4;4;4;4;4
I71;2;3;3;3;3;3;2;3;4;4;2;3;3;3;2;3;3;3;2;3;3;3;2;3;3;3;3;3;2;2;2;2;2;2;2;3;3;3
I72;3;3;3;3;3;3;3;3;4;4;1;1;1;1;1;1;1;1;1;4;4;4;4;4;4;4;4;4;3;3;3;4;4;3;3;3;4;3
I73;3;3;3;3;3;3;3;3;4;4;2;2;1;2;2;1;1;2;1;3;4;3;4;4;3;4;3;4;3;3;2;3;3;3;3;3;3;3
I74;2;3;2;3;2;2;3;2;4;4;2;3;2;2;2;2;2;2;2;3;3;3;3;3;3;3;3;3;4;4;4;3;4;4;4;4;3;3
I75;3;3;3;3;3;3;3;3;4;4;1;1;2;2;1;1;1;2;2;3;3;3;3;3;3;3;4;3;4;3;3;4;3;4;3;3;3;4
I76;3;3;3;3;4;3;3;3;4;4;2;3;3;2;2;2;3;3;3;3;4;4;4;4;4;4;3;4;3;3;3;3;3;3;3;3;3;3
I77;3;3;3;3;3;4;3;3;4;4;2;2;2;2;2;2;2;2;2;4;4;4;4;4;4;4;4;4;3;3;3;3;3;3;3;3;3;3
I78;4;3;3;3;3;3;3;3;3;4;2;3;2;2;2;2;2;2;2;3;3;3;3;3;3;3;3;3;3;3;4;3;4;3;4;3;3;4
I79;3;2;3;2;3;3;3;2;3;4;2;2;2;2;2;2;2;2;2;3;3;3;3;3;3;3;3;3;2;2;2;2;2;2;2;2;2;2
I80;2;3;2;2;2;2;3;2;5;5;1;1;1;1;1;1;1;1;1;4;4;4;4;4;4;4;4;4;3;3;3;3;3;3;3;3;3;3
I81;4;4;4;4;4;4;3;4;4;4;1;1;1;1;1;1;1;1;1;3;3;3;3;3;3;4;3;3;2;2;2;2;2;2;2;2;1;2
I82;3;3;3;4;3;3;3;3;4;4;2;2;3;2;2;2;2;2;2;3;3;3;3;3;3;4;3;3;4;4;4;4;4;4;4;4;4;4
I83;3;3;3;3;3;3;3;3;4;4;2;2;2;2;2;2;2;2;2;3;3;2;2;2;3;3;3;2;3;3;3;3;3;3;3;3;3;3
I84;3;3;3;3;3;3;3;3;4;4;3;2;2;2;2;2;2;2;3;3;3;3;3;3;3;3;3;3;3;3;3;3;3;3;3;4;3;3
I85;2;3;3;2;3;3;2;2;3;4;2;3;2;3;3;2;3;2;3;4;4;4;4;4;4;4;4;4;2;2;2;2;2;2;3;3;2;2
I86;3;3;3;3;3;3;3;3;5;5;1;1;1;1;1;1;1;1;1;3;3;3;3;4;4;3;3;3;3;3;3;3;3;3;3;3;3;3
I87;3;3;3;3;3;3;3;3;5;5;2;2;2;2;2;1;2;2;2;3;3;3;3;4;3;4;3;3;3;3;3;3;3;3;3;3;3;3
I88;3;3;3;3;3;3;3;3;4;4;3;2;3;2;2;2;2;2;2;3;4;4;4;4;4;4;4;4;2;3;3;2;2;2;3;3;3;3
I89;4;4;3;3;3;4;4;3;4;4;2;2;3;2;2;3;3;2;2;4;4;4;4;4;4;4;4;4;3;2;3;3;3;3;3;2;3;2
I90;4;4;4;3;3;4;4;3;4;4;2;2;3;2;2;2;2;2;2;2;2;2;2;2;2;2;2;2;4;4;4;4;4;4;4;4;4;4
I91;4;4;4;3;4;4;4;3;4;4;2;2;2;2;2;2;2;2;2;4;4;4;4;4;4;4;4;4;3;3;3;3;3;3;3;3;2;3
I92;3;3;3;3;3;3;3;3;3;3;3;3;3;3;3;3;3;3;3;4;4;4;4;5;5;5;5;4;3;3;3;3;3;3;2;3;3;3
I93;3;4;3;3;3;3;3;3;5;4;1;2;1;1;1;1;1;2;2;3;3;3;3;3;3;3;3;3;4;3;3;3;3;3;4;3;3;4
I94;4;3;4;4;3;4;3;4;3;3;1;1;1;1;2;1;1;1;1;3;3;3;3;3;3;3;3;3;3;3;2;3;3;2;2;2;3;2
I95;2;3;2;2;3;3;2;2;4;4;2;2;1;2;1;1;1;1;2;3;3;4;4;3;3;3;3;3;2;3;3;3;3;2;3;3;3;2
I96;3;2;2;2;3;3;2;3;4;4;2;2;3;3;3;3;2;3;2;3;3;3;3;4;3;3;3;3;3;3;3;3;2;3;3;3;3;3
I97;3;2;2;2;2;3;3;2;4;4;3;3;3;3;3;3;3;3;3;4;3;3;3;3;3;3;3;3;4;4;4;4;4;4;4;4;4;4
I98;2;3;2;2;3;2;2;2;4;4;2;2;3;2;2;2;2;2;2;3;4;4;4;4;3;4;4;3;3;3;3;3;3;3;3;3;4;3
I99;3;3;3;3;3;3;3;3;3;3;2;1;1;2;1;1;1;2;1;2;2;2;2;2;2;2;2;2;4;3;3;3;3;3;3;3;4;3
I100;4;3;3;3;3;3;4;3;4;4;2;2;1;2;2;2;2;2;1;4;4;4;4;4;4;4;4;4;3;3;3;3;3;3;3;2;3;3
I101;4;4;3;3;4;4;3;4;4;4;2;2;3;2;3;2;2;2;3;4;4;4;3;4;4;4;4;4;3;4;3;4;3;3;3;3;3;3
I102;4;3;3;3;4;4;3;4;4;4;2;2;2;2;2;2;2;2;2;3;4;3;4;4;4;4;4;4;4;4;4;4;4;4;4;4;4;4
I103;2;3;3;2;3;3;2;3;4;4;2;2;2;2;2;2;2;2;2;3;3;3;3;3;4;4;3;3;3;3;3;3;3;3;3;3;3;3
I104;4;4;4;4;4;4;4;4;4;4;1;1;1;1;1;1;1;1;1;4;4;3;4;4;4;4;4;4;3;4;3;4;3;4;3;3;3;4
I105;3;2;3;3;3;2;2;3;5;5;1;1;1;1;1;1;1;1;1;4;4;4;4;4;4;4;4;4;3;3;3;3;3;3;3;3;3;3
I106;3;3;3;3;3;3;3;3;4;4;2;2;2;2;2;3;2;2;2;4;4;3;3;3;3;3;4;3;2;3;3;3;3;2;3;3;2;3
I107;3;3;3;3;3;3;3;3;4;4;3;3;3;3;3;3;3;3;3;3;4;3;3;3;4;3;4;3;3;3;3;3;2;3;3;2;3;3
I108;4;3;3;3;3;3;3;3;4;4;2;2;2;2;2;3;2;2;2;2;3;3;3;2;3;3;3;3;3;3;3;3;3;3;3;3;3;3
I109;3;3;3;3;3;3;3;3;4;5;3;2;2;2;3;3;2;2;2;3;3;3;3;4;3;3;4;3;3;3;3;3;3;4;3;3;3;3
I110;3;3;3;3;3;3;3;3;4;3;2;2;2;2;2;2;2;2;2;4;4;4;4;4;4;3;4;4;3;3;3;3;3;3;3;3;3;3
I111;3;3;3;3;3;3;3;3;4;5;1;1;1;2;1;1;1;2;1;4;4;4;4;4;4;4;4;4;2;3;2;2;3;3;3;3;3;3
I112;3;3;3;3;3;3;3;3;4;4;3;3;3;3;3;3;3;3;3;3;3;3;3;3;4;3;3;3;3;3;3;3;3;3;3;3;3;3
I113;3;3;2;3;3;3;3;2;4;4;3;3;2;2;2;2;3;3;3;5;5;5;5;5;5;5;5;5;2;2;2;2;2;3;2;2;2;2
I114;3;3;3;3;3;3;3;3;5;5;2;3;3;3;3;3;3;2;3;4;4;4;3;4;4;4;3;4;4;4;4;4;4;4;4;4;4;4
I115;2;2;2;2;2;2;3;2;4;4;1;1;1;1;2;1;1;1;2;4;4;3;4;4;4;4;4;3;2;3;3;3;3;2;3;3;3;3
I116;2;3;3;3;3;3;3;3;4;4;2;2;2;2;2;2;2;2;2;4;5;4;4;4;4;4;4;4;3;3;3;3;3;3;3;3;3;3
I117;3;2;3;3;3;2;3;3;4;4;3;3;3;3;3;3;3;3;3;3;3;3;3;3;3;3;3;3;4;3;4;4;4;3;4;4;4;4
I118;4;4;4;4;4;4;5;4;5;5;1;1;1;1;1;1;1;1;1;4;4;4;4;4;4;4;4;4;3;3;3;3;3;3;3;3;3;2
I119;2;2;2;3;2;2;2;2;3;3;2;2;2;2;2;2;2;2;2;4;4;4;4;4;4;4;3;4;3;4;3;4;4;4;3;4;4;4
I120;3;3;3;3;3;3;3;3;4;4;2;2;3;3;2;2;2;2;2;4;4;4;4;4;4;3;4;4;2;2;2;2;2;2;3;2;2;2
I121;2;2;2;2;2;3;2;2;3;3;2;2;2;2;2;2;2;2;3;4;4;4;4;4;3;4;4;4;2;3;2;3;3;3;3;2;3;3
I122;2;2;2;3;2;2;2;2;4;3;2;2;3;2;2;2;2;2;2;4;5;5;4;5;4;5;5;4;3;3;3;3;3;3;3;3;3;3
I123;3;3;3;3;3;3;3;3;4;4;2;2;1;1;1;2;2;2;2;2;2;3;3;3;3;3;3;3;3;3;3;3;3;3;3;3;3;3
I124;2;3;3;3;3;3;3;3;3;4;3;2;2;2;2;2;2;2;3;3;3;4;3;3;4;3;3;3;3;2;3;2;2;2;3;2;2;2
I125;3;3;3;3;3;3;3;3;4;4;1;1;1;1;1;1;1;1;1;3;4;3;3;3;3;3;4;3;3;3;3;3;3;3;3;3;3;3
I126;3;2;3;3;3;3;3;3;5;5;2;2;2;2;2;2;2;2;2;3;3;3;3;3;3;3;3;3;3;3;2;3;3;3;3;3;3;3
I127;3;3;3;3;3;3;3;2;4;4;2;2;2;2;2;2;2;2;2;4;4;4;4;4;4;4;4;4;3;3;3;3;3;2;3;2;3;2
I128;2;2;2;2;2;2;2;2;4;4;1;2;2;2;1;2;1;1;2;4;4;4;4;4;3;4;3;4;3;4;4;4;4;4;4;4;4;3
I129;3;2;2;2;3;3;2;2;4;4;3;3;2;2;2;2;2;3;2;3;3;3;4;4;3;4;4;4;2;2;2;2;2;2;3;2;2;2
I130;3;3;3;3;3;3;3;3;3;3;2;2;2;2;2;2;2;2;2;4;3;4;4;4;4;4;4;4;3;3;3;3;2;3;3;3;3;3
I131;3;3;3;3;3;3;3;3;3;2;2;2;2;2;2;2;2;3;3;3;3;3;3;3;3;3;3;3;3;3;3;3;4;3;3;3;3;3
I132;3;3;2;3;3;3;3;3;4;4;2;2;2;2;2;2;2;2;2;4;4;3;4;4;3;3;4;4;3;3;3;3;3;3;3;3;3;3
I133;3;3;3;3;3;3;3;3;3;3;2;2;2;1;2;2;2;2;2;3;3;3;3;3;3;3;3;3;2;2;2;2;3;3;2;2;2;2
I134;3;4;4;3;3;3;4;4;4;4;2;2;2;3;2;3;2;2;2;3;3;3;3;3;3;3;3;3;3;3;3;3;3;3;3;3;3;3
I135;4;3;4;4;4;4;4;4;4;4;3;3;3;3;3;3;3;3;3;3;3;3;3;3;3;3;3;3;3;3;3;3;3;3;3;3;3;3
I136;2;3;2;2;3;2;3;2;4;4;2;2;3;2;2;2;2;2;2;4;4;4;3;4;4;4;4;4;4;4;4;4;4;4;4;4;4;4
I137;3;3;3;3;3;3;3;3;4;4;2;3;2;3;2;2;2;3;3;3;3;3;3;3;3;3;3;3;3;3;3;3;3;3;3;3;3;3
I138;4;4;4;3;4;4;4;3;5;4;2;2;2;2;2;2;2;1;2;5;4;5;5;4;5;4;5;4;4;3;3;3;3;4;3;3;3;3
I139;3;3;3;3;2;3;3;3;4;4;3;3;3;3;3;3;3;2;2;3;4;3;3;3;4;3;3;3;2;2;2;2;2;2;2;2;2;2
I140;3;3;3;3;3;3;3;3;4;4;2;2;2;2;2;2;2;2;2;4;4;4;3;3;4;3;4;4;3;3;3;3;4;4;4;3;4;4
I141;3;3;3;3;3;3;3;3;4;4;2;2;2;2;2;2;2;2;2;3;3;3;2;3;3;3;3;3;4;4;4;3;3;4;3;4;3;3
I142;2;3;2;2;2;3;3;2;4;4;2;2;2;2;2;2;2;2;2;4;4;4;4;4;5;4;4;4;3;3;3;3;3;3;3;3;3;3
I143;3;3;3;3;3;3;3;2;4;4;2;2;2;2;2;2;2;1;2;5;5;5;5;5;5;4;5;5;3;3;3;3;3;3;4;3;3;3
I144;3;3;3;3;3;3;3;3;4;3;2;3;2;2;2;2;2;2;2;3;3;3;3;3;3;3;4;3;4;4;4;4;4;4;4;5;4;4
I145;3;3;2;3;3;3;2;3;5;5;1;1;1;1;1;1;1;1;1;4;4;4;4;4;4;4;4;4;3;3;3;3;3;3;3;3;3;3
I146;4;4;4;4;3;3;4;4;4;4;2;2;2;1;2;2;2;2;2;4;4;4;4;4;4;4;4;4;2;2;3;3;2;2;2;3;3;2
I147;3;3;3;3;3;3;2;3;3;3;1;1;2;1;2;1;1;1;1;3;3;3;2;3;3;2;3;3;3;3;3;4;4;3;4;3;3;3
I148;3;3;3;2;3;2;3;3;4;3;2;1;1;1;1;1;1;1;1;4;4;4;4;4;4;4;4;4;3;3;3;3;3;3;3;3;3;3
I149;3;4;4;3;3;3;3;4;4;4;2;2;2;2;2;2;2;2;2;3;3;3;3;3;3;3;3;3;3;3;3;3;3;3;3;3;3;3
I150;3;3;3;2;3;2;3;2;4;4;2;1;1;1;2;1;2;1;1;4;4;4;4;4;5;5;4;4;3;4;3;4;3;4;3;3;3;3
I151;3;3;3;3;3;3;3;3;4;4;2;2;2;2;2;2;2;2;2;4;4;4;4;3;3;4;4;4;3;3;3;3;3;3;3;3;3;3
I152;2;3;3;2;2;2;2;3;5;5;2;2;2;2;2;2;2;2;2;3;3;3;3;4;4;4;4;4;3;3;3;3;3;3;3;3;3;3
I153;4;4;3;3;4;3;4;4;4;4;1;1;1;1;1;1;1;1;1;4;3;4;4;4;4;4;4;4;3;3;3;3;3;3;3;3;3;3
I154;3;3;3;3;3;3;3;3;4;4;2;1;1;1;1;1;1;1;1;3;3;3;3;3;3;3;3;3;3;3;3;3;3;3;3;3;3;3
I155;3;3;3;3;3;3;2;3;4;4;2;2;2;2;2;2;2;2;2;3;3;2;2;3;3;2;3;2;3;2;3;2;2;2;3;2;2;2
I156;3;2;3;2;3;3;2;2;3;3;2;2;3;2;3;2;3;2;3;5;5;5;5;5;5;5;5;5;3;3;3;4;3;3;3;3;3;3
I157;3;3;3;3;3;3;3;3;4;4;2;1;2;2;2;1;2;2;2;4;4;3;4;4;4;4;4;4;3;3;3;2;3;3;3;3;3;3
I158;3;2;3;2;3;3;2;3;4;4;2;2;2;1;2;2;1;2;2;4;4;4;4;4;4;4;4;4;2;2;3;3;3;3;3;3;3;3
I159;3;3;3;3;3;2;3;2;4;4;1;1;1;2;2;1;1;1;1;4;4;4;4;4;4;4;4;4;3;3;3;3;3;4;4;4;3;4
I160;4;4;4;3;3;4;4;4;4;4;2;1;1;2;2;1;2;1;1;3;3;3;3;3;3;3;3;3;3;3;3;3;3;3;3;3;3;3
I161;3;3;3;3;3;3;3;3;4;3;1;1;1;1;1;1;1;1;2;3;3;4;4;4;4;4;4;4;2;2;2;2;2;2;2;2;2;2
I162;2;2;2;2;2;2;2;2;4;4;3;3;3;3;2;3;3;3;3;4;4;4;4;3;4;4;4;4;3;4;3;3;4;3;3;3;3;4
I163;3;3;3;3;3;3;4;3;5;4;1;1;1;1;1;1;1;1;1;3;3;3;3;4;3;4;3;3;2;2;2;2;2;2;2;2;2;2
I164;3;3;3;3;3;3;3;3;4;4;1;1;1;1;1;1;1;1;2;4;4;4;4;4;4;4;4;4;4;4;4;4;4;4;4;4;4;4
I165;3;3;3;3;3;4;3;3;4;5;2;2;2;3;2;3;2;2;2;3;4;3;3;3;3;4;4;4;3;3;3;3;3;3;3;3;3;3
I166;4;4;4;4;4;4;4;4;4;4;1;1;1;1;1;1;1;2;1;3;2;3;2;3;3;2;2;3;3;3;3;3;3;3;3;3;3;3
I167;3;3;2;2;3;2;2;2;4;4;3;2;3;3;2;2;3;3;3;4;4;4;4;3;4;4;4;4;3;3;3;3;3;3;3;3;3;3
I168;3;3;3;3;3;3;3;3;3;3;2;2;2;2;2;3;2;2;2;4;4;4;4;4;4;4;4;4;3;3;4;3;3;3;3;3;3;4
I169;3;3;3;3;3;3;3;3;4;4;3;3;3;3;3;3;3;3;2;2;2;2;2;2;2;2;2;2;2;2;3;2;2;2;2;2;2;2
I170;4;3;3;3;4;3;3;4;4;4;2;2;2;2;2;2;2;2;2;4;4;4;4;4;4;4;4;4;3;3;4;3;3;3;3;3;3;3
I171;3;3;3;3;3;3;3;3;4;4;2;2;2;2;2;2;2;2;2;4;4;4;4;4;4;4;4;4;3;4;3;4;3;3;3;4;3;3
I172;3;3;3;4;3;3;3;3;4;5;2;2;2;2;3;2;3;2;2;4;4;4;4;4;4;4;4;4;3;3;4;4;3;4;3;3;3;3
I173;2;2;2;2;2;2;2;2;3;3;2;2;2;2;2;3;2;2;2;3;3;3;3;3;3;3;3;3;3;3;3;4;3;3;3;3;3;3
I174;4;4;4;4;4;4;4;4;4;4;2;2;2;2;2;2;2;2;3;5;4;5;5;5;4;5;5;5;4;3;3;4;3;3;4;3;3;3
I175;3;4;3;4;3;4;4;3;5;4;3;2;2;2;2;2;2;2;2;3;3;3;3;3;3;4;3;3;4;3;4;4;4;4;4;4;4;4
I176;3;3;3;3;3;3;3;3;5;5;2;2;2;2;2;2;2;1;1;4;4;4;4;4;4;4;5;4;3;4;3;3;3;4;4;4;3;4
I177;2;2;2;2;2;2;2;2;5;5;2;2;2;2;2;2;2;2;2;3;3;3;3;3;3;3;3;3;3;3;3;3;3;3;3;3;3;3
I178;4;4;3;3;3;4;3;3;4;4;3;2;3;3;3;3;3;3;3;4;3;3;4;3;3;4;3;3;3;3;3;3;3;3;3;3;3;3
I179;3;3;3;3;3;3;3;3;4;4;2;2;2;2;2;2;2;2;2;4;4;4;4;4;5;4;4;4;3;3;3;3;3;3;3;3;3;3
I180;3;3;3;3;3;3;3;3;4;4;2;2;2;2;2;2;2;2;2;3;3;3;3;3;3;4;3;4;1;2;2;2;2;2;2;2;2;2
I181;3;3;3;3;3;3;3;3;5;5;2;2;2;2;2;2;2;2;2;4;4;4;4;4;3;4;4;4;3;3;3;3;3;3;2;3;3;3
I182;3;3;3;3;3;3;3;3;4;4;2;2;3;3;2;2;3;3;3;3;3;3;3;3;3;3;3;3;3;2;2;2;2;3;2;2;2;2
I183;3;3;3;3;3;4;3;3;4;4;2;3;2;2;2;2;2;2;3;4;4;4;4;4;4;4;5;4;4;4;4;4;3;4;4;4;4;4
I184;3;3;3;3;3;3;3;3;3;3;2;2;2;2;2;2;1;2;2;3;3;3;3;3;3;4;3;3;2;3;3;2;2;2;3;3;3;2
I185;3;3;3;3;3;3;3;3;3;3;2;2;2;3;2;2;2;2;2;3;3;4;3;4;3;3;4;3;4;3;3;3;3;3;3;3;3;3
I186;2;3;2;3;2;2;2;2;3;4;2;1;2;2;2;2;2;2;2;4;3;4;4;4;3;4;4;4;3;3;2;2;2;2;3;3;3;3
I187;4;3;4;3;3;3;3;3;3;3;3;2;2;2;3;3;2;3;2;4;4;4;4;4;4;3;4;4;3;3;3;3;3;3;3;3;3;3
I188;4;3;4;3;3;3;3;3;4;4;2;2;2;2;1;2;2;2;2;3;3;3;3;3;3;3;3;3;4;3;4;4;4;4;4;4;4;4
I189;3;3;2;3;2;3;3;3;5;5;3;2;2;2;2;2;2;2;2;3;4;4;4;3;3;4;4;4;2;3;2;3;2;3;3;2;3;3
I190;2;2;2;2;2;2;2;2;3;3;3;3;3;2;3;3;3;3;3;3;3;3;4;3;4;3;4;3;2;2;2;2;3;3;2;2;2;2
I191;3;3;3;4;3;3;3;3;3;3;3;3;3;3;3;3;3;3;3;3;4;4;4;4;4;3;4;4;3;3;3;3;3;3;3;4;3;3
I192;3;3;3;3;3;3;3;3;4;4;1;1;1;2;2;2;1;1;2;4;4;4;4;4;4;4;4;4;3;3;3;4;4;3;4;3;3;3
I193;4;3;3;3;3;3;3;3;3;4;1;2;2;2;2;1;1;2;1;4;5;4;4;4;4;4;4;4;3;3;2;2;2;2;3;3;3;3
I194;2;2;2;2;2;2;2;3;3;4;2;2;2;3;2;3;2;2;2;4;3;4;4;3;3;3;3;3;3;3;3;3;3;3;3;3;3;3
I195;3;2;3;3;3;3;3;2;4;4;2;2;2;1;2;2;2;1;1;4;4;4;4;4;4;4;4;3;3;2;3;2;3;3;2;3;2;3
I196;4;4;4;4;4;4;4;3;4;4;1;2;2;2;2;1;2;2;1;3;3;3;3;3;3;3;3;3;3;3;3;3;3;3;3;2;3;3
I197;3;3;4;3;3;3;3;3;4;4;3;3;3;3;3;3;3;3;3;3;3;3;3;3;3;2;3;3;3;3;3;3;3;3;3;3;3;3
I198;3;3;4;3;3;3;3;3;4;3;3;3;3;3;3;3;3;3;3;4;4;3;4;3;3;4;4;4;4;3;4;3;3;3;3;3;4;4
I199;4;4;4;4;4;4;4;4;4;4;3;2;2;2;2;3;2;3;2;3;3;3;3;3;3;3;3;3;3;3;3;3;3;3;3;3;3;3
I200;3;3;3;3;3;3;3;3;4;4;3;2;3;3;3;3;3;3;2;4;4;4;4;4;4;4;4;4;3;3;3;3;3;3;3;3;3;3
I201;2;2;2;2;2;2;2;2;4;4;1;1;2;1;1;2;2;2;2;4;4;4;4;4;4;4;4;4;3;3;3;3;3;3;3;3;3;3
I202;3;3;3;4;3;4;3;3;4;4;2;2;2;2;2;2;2;2;2;3;3;3;3;3;3;3;3;3;3;3;3;3;3;3;3;3;3;3
I203;4;4;4;4;4;4;4;4;4;4;2;2;2;2;3;2;2;3;2;4;4;4;4;4;4;4;4;4;3;3;3;2;3;3;3;2;3;2
I204;4;4;4;4;4;4;4;4;4;4;3;2;2;3;3;2;3;3;2;3;3;3;3;3;3;4;3;3;4;4;4;4;4;4;4;4;4;4
I205;2;2;2;2;2;2;3;2;4;3;2;2;1;1;2;2;2;1;2;4;4;4;4;4;4;4;4;3;2;2;2;2;2;2;2;2;2;3
I206;2;3;2;2;3;3;2;2;3;4;1;1;1;1;1;1;1;2;1;4;3;3;4;3;4;3;4;3;3;3;3;3;3;3;3;3;3;3
I207;3;3;3;3;3;3;3;2;4;4;3;3;3;3;3;3;3;3;3;3;3;3;4;3;3;4;3;3;3;3;3;3;3;3;2;3;3;3
I208;2;2;3;3;3;3;3;3;4;3;3;3;3;3;3;3;4;3;3;3;3;3;3;3;3;3;3;3;3;3;2;3;3;2;3;3;3;3
I209;3;3;2;3;3;3;3;3;5;5;3;3;3;3;3;3;3;3;3;4;4;4;4;4;4;4;4;4;3;3;3;3;3;3;3;3;3;3
I210;3;3;3;3;3;3;3;3;5;5;2;3;2;3;3;2;3;3;2;4;3;3;3;4;3;3;3;4;4;4;3;3;3;4;4;3;4;4
I211;2;3;3;2;2;3;2;3;4;4;1;1;2;1;2;1;1;1;1;4;4;4;4;4;4;4;4;4;4;3;4;3;3;3;3;4;3;3
I212;4;4;4;4;4;4;4;4;4;3;3;2;3;3;3;3;2;3;3;3;3;4;4;4;3;4;4;4;2;3;2;3;2;3;3;2;2;3
I213;3;3;3;3;3;3;3;3;5;4;2;2;2;1;2;2;2;2;2;4;4;3;4;4;4;4;4;4;4;4;3;4;4;3;4;3;3;3
I214;3;3;3;3;3;3;3;3;4;4;2;2;2;2;2;2;2;2;2;4;4;4;4;4;4;4;4;4;2;2;2;2;2;2;3;2;2;2
I215;3;3;3;3;3;3;3;4;4;3;1;1;1;1;1;1;1;1;1;2;2;2;3;2;2;2;3;2;4;4;4;4;4;4;4;4;4;3
I216;3;3;3;3;3;3;3;3;3;4;3;3;3;2;3;3;2;2;2;3;3;3;3;3;3;3;3;3;4;3;3;4;3;3;4;3;3;4
I217;3;3;3;3;3;3;3;3;5;4;2;2;2;2;2;2;2;3;2;4;4;4;4;4;4;4;4;4;4;4;4;4;4;4;3;4;4;4
I218;4;4;4;4;4;4;4;4;3;3;2;1;1;1;1;2;2;2;1;3;3;3;3;3;3;3;3;3;3;3;2;2;2;2;3;2;2;3
I219;3;3;3;3;3;3;3;2;3;3;2;2;2;2;2;2;2;2;2;4;4;4;4;4;4;4;4;4;3;3;3;3;3;3;3;3;3;3
I220;3;3;2;2;2;2;2;2;4;4;1;1;1;1;1;1;1;1;1;3;3;2;3;3;2;2;3;3;3;3;3;3;3;3;3;3;3;3
I221;3;4;3;3;3;3;3;3;4;4;2;2;2;2;1;2;2;2;2;4;4;4;4;4;4;4;4;4;2;2;2;2;2;2;2;2;2;2
I222;3;3;3;3;3;3;3;3;4;4;2;2;2;2;2;2;2;2;2;3;3;3;3;3;3;3;3;3;2;2;3;3;3;2;3;2;2;3
I223;3;3;3;3;3;3;3;3;5;4;2;2;2;2;2;2;3;2;2;3;3;3;3;3;3;3;3;3;3;3;3;3;3;3;3;3;3;3
I224;2;2;2;2;2;3;3;3;4;5;2;2;2;2;3;2;2;2;2;3;3;4;3;3;3;3;3;3;3;3;3;3;3;3;3;3;3;3
I225;3;3;3;3;3;3;3;3;4;3;2;2;2;2;1;2;2;2;2;3;3;3;3;2;3;2;3;3;3;3;3;3;3;3;3;3;3;3
I226;3;3;3;3;3;3;3;3;4;4;3;3;3;3;3;3;3;3;3;4;4;4;4;4;4;4;4;4;3;3;3;3;3;3;3;3;3;4
I227;3;3;4;3;4;3;3;3;4;5;1;1;2;1;2;2;1;1;1;4;4;4;4;4;4;4;4;4;4;4;4;4;4;4;4;4;3;4
I228;2;3;3;3;3;3;2;3;4;4;3;2;3;3;2;3;2;3;2;4;4;4;4;4;4;4;4;4;2;2;2;2;2;2;2;2;2;2
I229;2;3;3;3;3;3;2;3;3;3;2;3;2;2;2;2;2;2;2;4;4;4;3;4;4;4;4;4;4;4;4;4;4;4;4;4;4;4
I230;3;4;3;4;4;3;4;4;4;4;1;2;1;2;2;2;2;2;2;3;4;3;3;4;4;4;3;3;3;3;3;3;3;3;3;3;3;3
I231;3;3;3;3;3;3;3;3;5;4;2;3;2;2;2;2;3;2;2;4;3;4;3;4;4;3;4;3;4;4;4;4;4;4;3;4;4;4
I232;3;3;3;4;3;3;4;4;4;4;3;3;3;3;3;3;3;3;3;4;4;3;4;3;3;4;3;3;3;3;3;2;3;3;3;2;2;3
I233;2;2;3;2;2;3;2;2;4;4;2;2;2;2;2;1;2;2;2;2;3;3;3;2;2;2;3;2;3;3;3;3;3;3;3;3;3;3
I234;3;3;3;3;3;3;3;3;3;3;1;1;1;1;2;1;2;1;1;4;4;4;4;4;4;4;4;4;3;3;3;3;2;2;3;2;3;2
I235;2;3;3;3;3;3;3;3;5;4;2;1;2;2;1;1;1;2;1;4;3;3;3;4;3;4;3;3;3;3;2;2;2;3;3;2;3;3
I236;3;3;3;2;3;3;3;3;3;3;2;2;2;2;2;2;2;2;2;3;3;3;3;3;3;3;3;3;3;3;4;3;3;3;3;3;4;3
I237;4;4;4;3;3;4;3;3;4;4;2;1;2;2;2;2;2;2;1;3;3;3;3;3;3;3;3;3;2;3;3;3;2;3;3;3;3;3
I238;3;3;3;3;3;3;3;3;4;4;1;2;2;2;1;1;2;1;2;3;4;4;4;3;3;4;3;3;2;3;2;2;3;2;3;3;3;2
I239;3;3;3;3;3;3;3;3;3;4;2;1;2;2;2;2;2;2;2;2;3;2;3;3;3;3;3;3;3;3;3;3;3;3;3;3;3;3
I240;3;3;3;2;3;3;3;2;4;3;2;3;2;2;2;3;2;2;3;3;3;3;3;3;4;4;3;3;4;3;3;3;3;3;3;3;3;3
I241;2;2;2;3;3;2;3;3;4;4;2;2;2;2;2;2;2;2;2;2;3;2;2;2;2;2;2;2;3;3;4;4;4;3;3;4;4;3
I242;3;4;3;3;3;4;3;3;4;4;1;1;1;1;1;1;1;1;1;3;3;3;3;4;3;3;4;3;3;4;4;3;3;3;3;3;3;3
I243;3;4;4;4;3;4;3;4;3;3;2;2;2;2;2;2;2;2;2;4;4;4;4;4;4;4;4;4;3;3;3;3;3;3;3;2;3;3
I244;4;4;3;3;3;4;4;4;5;5;2;2;2;2;2;2;2;2;2;4;4;4;4;3;4;4;3;3;3;3;3;3;3;3;3;3;3;2
I245;2;2;2;2;2;2;2;2;4;4;2;2;2;2;2;2;2;2;2;4;4;4;4;4;4;4;4;4;2;2;2;2;2;2;2;2;2;2
I246;4;4;4;4;4;4;4;4;4;4;2;2;1;1;1;2;2;2;2;4;4;4;4;4;4;4;4;3;3;3;3;3;3;3;3;3;3;3
I247;4;4;4;4;4;4;4;3;3;4;2;3;3;3;3;3;3;3;3;3;3;3;3;3;3;3;3;3;3;3;3;3;3;3;3;3;3;2
I248;3;3;3;3;3;3;3;3;4;4;1;1;1;2;2;1;1;2;2;3;3;3;4;3;3;4;3;4;3;3;3;3;3;3;3;3;3;3
I249;4;3;4;3;3;3;3;4;5;4;2;2;2;2;2;2;2;2;2;3;3;3;3;3;3;3;3;3;3;3;3;3;3;3;3;3;3;3
I250;3;3;2;3;3;2;2;2;4;4;3;3;3;3;2;3;3;3;2;3;3;3;3;3;3;3;3;4;3;3;3;2;2;3;3;3;3;3
I251;2;2;3;2;3;3;2;2;3;3;2;2;2;3;2;2;2;2;2;4;4;4;4;4;4;4;3;4;4;4;4;4;4;4;4;4;4;4
I252;3;3;3;3;3;3;3;3;4;5;2;2;2;2;2;2;2;2;2;3;3;4;4;3;3;3;4;4;3;3;3;3;3;3;3;3;3;3
I253;2;2;2;3;2;2;3;2;5;5;1;2;1;2;1;1;1;2;1;4;4;4;4;3;4;4;4;4;5;5;5;5;5;4;5;5;4;4
I254;3;3;3;3;3;3;4;3;4;4;1;1;1;1;1;1;1;1;1;4;4;4;4;4;4;4;4;4;3;3;3;3;3;3;3;3;3;4
I255;4;3;4;4;4;4;4;4;4;4;2;1;2;2;2;2;2;1;2;4;4;4;4;4;4;4;4;4;3;3;2;3;3;2;2;3;2;2
I256;2;3;2;3;2;3;3;3;4;4;3;2;2;2;3;2;2;2;3;3;3;3;3;3;3;4;3;4;3;3;3;4;4;4;4;3;3;3
I257;2;3;3;3;3;3;2;3;5;5;2;1;2;2;2;1;2;2;2;3;3;3;3;3;3;3;3;3;3;3;3;3;3;3;3;3;3;3
I258;3;3;3;3;3;3;3;3;3;4;2;2;2;2;2;2;2;2;2;3;3;3;3;3;3;3;3;3;2;3;3;2;3;3;3;3;3;3
I259;2;2;2;3;2;2;2;3;4;5;2;2;2;2;2;2;2;2;2;4;3;4;4;4;3;4;4;4;4;3;4;3;3;4;3;3;3;4
I260;2;3;3;3;3;3;3;3;3;3;3;2;3;3;3;3;3;2;2;3;3;3;3;3;3;3;3;3;3;3;3;3;3;3;3;3;3;3
I261;4;3;3;3;3;4;4;3;4;4;2;2;2;1;2;2;1;2;2;4;4;4;4;4;4;4;4;4;3;3;3;3;3;3;3;3;3;3
I262;4;4;3;4;4;3;4;4;3;3;2;2;2;2;2;2;2;2;1;3;4;4;4;4;4;4;4;4;3;3;3;4;3;3;3;3;3;4
I263;4;3;3;3;3;3;3;3;4;4;2;2;3;2;2;3;2;3;2;5;4;4;5;5;5;5;5;5;3;3;3;3;3;3;3;3;3;3
I264;2;2;2;2;2;2;2;2;3;4;2;2;2;2;2;2;2;2;2;3;3;3;3;4;4;3;3;3;3;3;3;3;2;2;3;3;3;3
I265;3;3;3;3;3;3;3;3;4;4;2;2;2;2;2;2;2;2;2;4;4;4;4;4;4;5;4;4;3;3;3;2;3;3;3;3;3;3
I266;4;4;3;3;3;3;4;4;3;4;2;2;2;2;2;2;2;2;2;3;3;3;3;3;3;3;4;3;3;3;3;3;3;3;3;3;3;4
I267;3;4;3;4;3;3;3;4;3;4;3;3;3;3;3;3;3;3;3;4;3;4;3;3;4;4;4;4;3;3;4;3;3;3;3;3;3;3
I268;2;3;3;3;3;3;3;3;4;4;2;2;2;2;3;3;2;2;2;4;4;4;4;4;4;4;4;4;3;2;3;3;2;3;2;2;2;3
I269;2;2;2;1;2;2;2;1;5;5;1;1;2;2;2;2;2;2;2;4;4;4;4;4;4;4;4;4;3;3;3;3;3;3;3;3;3;3
I270;3;3;3;3;3;3;3;3;4;5;2;2;1;2;2;2;2;2;2;4;4;5;4;4;4;4;4;4;3;3;3;3;3;3;3;4;3;3
I271;3;4;3;3;3;3;3;3;4;4;2;3;2;3;2;2;3;3;3;2;2;2;3;3;2;2;3;2;4;4;4;4;4;4;4;4;4;4
I272;3;3;3;3;3;3;3;3;4;4;2;2;2;2;2;2;2;2;2;3;3;4;4;4;4;3;4;4;3;3;3;3;3;3;3;3;3;3
I273;3;3;3;3;3;3;3;3;4;4;1;1;1;1;1;1;1;1;1;5;5;5;4;5;5;5;5;5;3;3;3;3;3;3;3;3;3;3
I274;3;4;3;3;4;3;3;3;4;3;2;2;2;2;2;2;2;2;2;4;4;4;4;4;4;4;4;4;3;3;3;3;3;3;3;3;3;3
I275;3;3;3;3;3;3;3;3;5;4;2;2;3;2;2;2;2;2;2;3;3;3;3;3;3;3;3;3;3;3;2;3;2;3;3;3;3;3
I276;4;3;4;4;4;4;4;4;4;4;2;2;2;1;2;1;1;1;1;3;3;3;3;3;3;3;3;3;2;3;3;2;2;2;3;2;2;2
I277;3;4;3;3;4;3;3;3;4;4;3;2;3;3;2;2;2;3;2;4;3;3;3;3;3;4;3;3;4;4;4;4;4;4;3;4;4;4
I278;3;2;2;2;2;3;2;3;4;4;1;2;2;1;2;1;1;1;1;4;4;4;4;3;3;4;4;4;2;3;2;3;2;3;3;3;3;3
I279;4;3;4;3;4;4;4;4;4;4;2;2;2;2;2;2;2;2;3;4;4;4;4;4;4;4;4;4;3;3;4;4;4;4;3;4;4;4
I280;3;4;3;4;3;4;4;4;4;4;2;2;2;2;2;2;2;2;2;2;3;2;2;3;3;3;3;3;3;3;3;3;3;3;3;3;3;3
I281;3;3;3;3;3;4;3;4;5;5;1;1;1;1;1;1;1;1;1;3;3;3;3;3;3;3;3;3;3;3;3;3;3;3;3;3;3;3
I282;2;2;2;2;2;2;2;2;4;4;2;2;2;2;2;2;2;1;2;4;3;3;3;3;3;4;4;4;4;4;4;3;3;4;4;4;4;4
I283;3;3;3;2;3;3;3;3;4;4;2;2;2;2;2;2;2;2;2;3;3;3;3;3;3;3;3;3;2;2;2;2;2;2;2;3;2;2
I284;3;4;3;3;3;4;3;4;4;4;1;2;2;1;2;1;1;2;2;4;4;4;4;4;4;4;4;4;3;2;2;3;3;3;2;3;2;3
I285;3;3;3;3;3;3;3;3;4;4;2;2;2;2;2;2;2;2;2;5;5;5;5;5;5;5;5;5;2;2;2;3;2;2;2;2;2;2
I286;4;3;3;3;3;3;3;3;3;3;2;2;2;2;2;2;2;2;2;3;3;3;3;3;3;2;3;3;3;3;3;3;3;3;3;3;3;3
I287;4;4;4;4;4;4;4;4;3;3;1;1;1;1;1;1;1;1;2;4;4;4;4;4;5;5;4;4;3;3;3;2;3;2;3;3;2;3
I288;3;2;3;2;3;2;3;3;4;4;2;2;2;2;2;2;2;2;2;3;3;3;3;3;3;3;3;3;3;3;2;2;2;3;3;3;2;3
I289;2;2;2;2;2;2;2;2;3;4;2;2;2;2;2;2;2;2;2;4;4;4;4;4;4;4;4;4;3;3;3;3;4;3;3;4;3;3
I290;3;3;3;3;3;3;3;3;4;4;2;1;1;1;1;2;2;1;1;5;5;4;5;5;5;5;5;5;3;4;3;3;4;3;4;4;4;4
I291;3;3;3;3;2;2;3;2;4;4;2;2;2;2;2;3;2;3;3;3;4;4;3;3;3;3;4;3;3;3;3;3;3;3;3;3;3;2
I292;3;3;3;3;3;3;3;3;3;4;2;2;2;2;2;2;2;2;2;4;3;4;4;4;4;3;4;4;3;3;3;3;3;3;3;3;3;3
I293;2;3;3;3;3;3;3;2;5;5;3;3;3;3;3;3;3;3;3;3;3;4;4;4;4;4;4;4;3;3;3;2;2;2;3;3;2;3
I294;4;4;4;4;4;4;4;4;4;4;1;2;1;1;1;1;1;1;1;4;4;4;4;4;4;4;4;4;4;4;4;4;4;4;4;4;4;4
I295;3;3;3;3;3;3;2;3;4;4;2;2;2;2;2;2;2;2;2;3;3;3;3;3;3;3;3;3;4;4;4;4;4;4;4;4;4;4
I296;2;3;3;3;3;3;3;3;4;4;2;2;2;2;2;2;2;2;2;3;3;3;3;3;4;3;3;3;3;3;4;3;3;3;4;3;4;3
I297;3;3;3;3;2;3;3;2;4;4;1;1;1;1;1;1;1;1;1;3;3;4;3;3;3;3;4;4;3;2;3;3;3;2;2;3;3;2
I298;4;4;3;3;3;4;4;4;3;3;2;3;3;3;2;2;2;3;2;3;3;3;4;4;3;3;3;3;4;4;4;4;4;4;4;4;4;4
I299;3;3;3;3;3;3;3;3;4;4;2;2;2;2;2;2;2;2;2;4;3;3;4;4;3;3;4;4;3;3;3;3;2;3;3;3;3;3
I300;2;2;3;2;2;2;2;2;3;3;2;2;2;2;2;2;2;2;2;4;4;4;3;4;4;4;4;4;2;2;3;3;2;2;2;2;2;2
I301;3;3;3;3;3;3;3;3;4;4;2;2;2;2;2;2;1;2;2;3;3;3;4;4;3;3;3;3;3;3;3;3;3;3;3;3;3;3
I302;3;3;3;3;3;4;3;3;4;4;3;3;2;3;3;2;3;3;2;3;3;3;3;3;4;4;3;3;2;2;2;3;2;2;2;2;2;2
I303;3;3;3;3;3;3;3;3;5;4;2;2;2;2;1;2;2;2;2;3;3;3;3;3;3;3;3;3;4;4;4;4;4;3;4;4;3;4
I304;3;3;4;3;3;3;3;3;4;3;2;2;2;2;1;2;1;2;2;3;3;3;3;3;3;3;3;3;4;4;4;4;4;4;4;4;4;4
I305;3;3;3;3;3;3;3;3;4;4;2;2;2;2;2;2;2;2;3;3;3;3;3;3;3;3;3;3;3;3;3;3;3;3;3;3;3;3
I306;3;3;3;3;3;3;3;3;4;4;1;2;2;2;2;1;2;2;1;4;4;4;4;4;4;4;3;4;3;2;3;3;3;3;3;3;3;3
I307;3;3;3;3;3;3;3;3;4;4;1;1;1;1;1;1;1;1;1;3;3;3;3;3;3;3;3;3;4;4;4;3;4;4;4;4;4;4
I308;3;3;4;3;4;3;4;4;4;4;2;2;2;2;2;2;2;2;2;4;4;4;4;4;4;4;5;4;3;3;3;3;3;3;3;3;3;3
I309;3;2;2;2;2;2;2;2;4;4;2;2;2;2;2;2;2;2;2;3;3;3;3;3;3;3;3;3;4;4;4;4;4;3;4;4;4;3
I310;3;3;3;3;3;3;3;3;4;4;3;3;2;2;3;2;2;2;2;4;4;4;3;4;4;4;4;3;3;3;2;3;3;3;3;2;3;2
I311;3;3;3;3;3;3;3;3;3;3;2;2;2;3;2;2;2;2;2;3;3;3;2;2;3;3;3;3;2;2;2;2;2;2;2;3;2;2
I312;3;3;3;3;3;2;3;2;4;4;2;2;2;2;2;2;2;2;2;4;4;4;4;4;4;4;4;4;4;3;3;3;3;3;3;4;3;3
I313;2;2;2;2;2;3;3;3;4;4;2;2;2;2;2;1;2;2;2;3;3;4;4;4;3;3;4;3;3;3;3;3;3;3;3;3;3;3
I314;3;3;3;3;3;2;3;2;4;4;2;2;2;2;2;2;1;2;2;3;2;3;2;2;2;3;2;2;3;3;3;3;3;3;3;3;3;3
I315;3;3;3;3;3;3;3;4;3;3;2;2;2;3;3;2;2;2;2;3;3;3;3;3;3;3;3;4;3;3;3;3;3;3;3;3;3;3
I316;3;3;3;2;3;3;3;3;5;4;3;3;3;3;3;3;3;3;3;3;4;3;4;3;3;3;4;3;3;3;3;3;3;3;3;3;3;3
I317;2;2;3;3;3;3;2;3;4;5;1;1;2;1;2;2;2;2;2;3;3;3;3;3;3;3;3;3;3;3;3;3;3;3;3;3;3;3
I318;3;3;3;3;3;3;3;3;4;4;3;3;2;3;3;2;3;3;3;4;4;4;4;4;4;4;4;4;3;3;3;3;3;3;3;3;3;3
I319;2;2;2;2;3;2;3;2;4;4;3;3;3;3;3;3;3;3;3;3;3;3;3;3;3;3;3;3;2;2;2;2;3;2;2;2;3;2
I320;4;3;4;4;3;3;4;4;3;4;3;3;3;2;3;3;3;3;3;4;4;3;4;3;4;3;4;4;2;3;3;3;3;3;2;3;3;3
I321;3;3;3;3;3;3;3;3;3;3;1;2;2;2;2;2;2;2;2;3;4;3;3;3;3;3;3;4;4;3;4;4;4;4;3;4;4;4
I322;3;3;3;3;3;3;3;3;4;5;2;2;2;2;2;2;2;2;2;3;3;3;4;3;4;4;4;4;3;3;3;3;3;3;3;3;4;3
I323;3;3;3;3;3;3;3;3;5;5;1;1;1;1;1;1;1;1;1;4;4;4;4;3;3;4;3;3;3;3;3;3;3;3;3;4;3;3
I324;3;3;3;3;3;3;3;3;3;4;2;2;2;2;2;2;2;2;2;4;4;4;4;4;4;4;4;4;3;3;3;3;3;3;3;3;3;3
I325;4;4;4;4;4;4;4;4;4;4;2;2;2;2;2;2;2;2;2;4;4;4;4;4;4;4;4;4;4;3;3;3;3;3;3;3;3;3
I326;3;2;3;2;3;3;3;3;4;5;2;2;2;2;2;3;3;2;2;4;4;4;4;4;4;4;4;4;3;3;3;3;3;3;3;3;3;3
I327;3;3;3;3;4;4;4;4;5;4;2;2;2;2;2;2;1;1;2;4;4;4;4;4;4;4;4;4;4;4;4;3;4;3;3;3;3;3
I328;3;3;3;3;3;3;3;3;3;3;1;2;2;2;2;2;2;2;2;3;3;3;3;3;3;3;3;3;3;3;3;3;3;3;3;3;3;3
I329;2;3;2;2;3;3;2;3;4;4;2;2;2;2;2;2;2;2;2;3;3;3;3;3;3;3;3;3;3;3;3;3;3;3;3;3;3;3
I330;3;3;3;3;3;3;3;3;3;3;2;1;2;2;1;1;1;2;2;4;4;4;4;4;4;4;4;4;3;2;3;3;3;3;3;3;2;3
I331;3;3;3;4;3;3;4;3;4;4;1;1;1;1;1;1;1;1;1;2;2;2;2;3;3;2;2;2;3;3;2;3;2;2;2;2;2;2
I332;2;3;3;2;3;3;3;3;3;4;2;2;2;2;2;2;2;2;2;4;4;4;4;4;4;4;4;4;3;3;3;3;3;3;3;3;3;3
I333;3;2;2;2;3;3;3;2;4;4;1;1;1;1;1;1;1;1;1;4;3;3;3;4;3;3;3;3;4;4;4;4;4;4;4;4;4;4
I334;3;3;3;3;3;3;3;3;4;4;2;2;2;2;2;2;2;2;2;3;3;3;3;3;3;3;3;3;4;4;4;4;4;3;3;3;3;4
I335;3;4;4;3;3;3;3;3;3;3;2;3;2;3;2;2;2;3;3;4;3;4;4;4;4;4;4;4;3;3;3;3;3;3;3;3;3;3
I336;3;3;3;3;3;3;3;3;4;4;2;2;2;3;2;2;2;2;2;4;4;4;4;4;4;4;4;4;3;4;3;3;3;3;3;3;3;3
I337;2;3;2;2;2;3;2;2;5;5;2;2;2;2;3;2;2;2;2;4;4;3;4;4;4;4;4;4;4;4;4;4;4;4;4;4;4;4
I338;2;2;3;2;2;3;2;2;4;4;1;1;1;2;1;1;1;1;1;4;4;4;4;4;4;4;4;4;2;3;2;3;3;2;3;2;2;2
I339;3;3;2;2;2;3;3;3;3;4;2;1;2;2;2;1;2;1;1;3;4;3;3;3;4;3;3;3;3;3;3;3;3;3;4;4;3;4
I340;3;3;3;3;3;3;3;3;4;4;3;2;3;2;2;2;2;2;3;4;4;4;4;4;4;4;4;4;4;4;4;4;4;4;3;4;4;4
I341;3;3;3;3;3;3;3;3;3;3;1;1;1;1;2;1;1;2;1;3;4;3;3;3;3;3;3;3;3;3;3;3;3;3;3;3;3;3
I342;3;3;3;4;3;3;3;3;3;4;3;3;2;3;3;3;3;3;2;3;4;3;3;4;3;4;4;4;2;3;3;3;3;3;3;2;3;2
I343;3;3;3;3;3;3;3;3;4;4;2;2;2;2;2;2;2;2;2;4;3;4;4;4;3;4;4;4;4;4;3;4;4;4;4;4;4;4
I344;3;3;3;3;3;2;3;2;3;4;2;2;2;2;2;2;2;2;2;3;3;3;3;3;3;3;3;3;2;2;2;2;2;2;2;2;2;2
I345;3;3;3;3;3;3;4;4;4;4;2;2;2;2;2;2;2;2;2;4;4;4;4;4;4;3;4;4;3;3;3;2;3;3;2;3;2;2
I346;3;3;3;4;3;3;3;3;4;4;1;1;1;1;1;1;1;1;1;3;3;4;4;4;4;3;3;3;4;4;4;4;4;4;4;4;4;4
I347;3;3;4;4;3;4;4;4;3;3;2;2;2;2;2;2;2;3;2;3;3;3;4;3;3;4;3;3;3;3;3;3;3;3;3;3;3;3
I348;2;2;2;2;2;2;2;2;3;3;2;2;2;3;2;3;2;3;3;3;4;4;4;4;4;4;3;3;3;3;2;3;3;3;3;3;3;3
I349;3;3;3;3;3;3;3;3;4;4;2;1;2;2;1;1;2;1;2;3;2;3;3;3;3;3;3;3;2;2;2;2;2;2;2;2;2;2
I350;4;4;4;3;4;4;4;4;4;4;2;2;2;2;2;2;2;2;2;4;3;4;4;4;4;4;3;3;4;3;3;4;3;3;3;3;3;3
I351;3;3;3;3;4;3;4;3;4;4;1;2;2;1;2;2;2;2;2;4;3;3;3;3;3;3;3;3;4;4;4;3;4;4;4;4;4;4
I352;2;3;2;3;3;3;3;2;4;5;2;3;2;2;2;2;2;2;2;3;3;3;3;3;3;3;4;3;3;3;3;3;3;3;3;3;3;3
I353;3;3;3;3;3;3;3;3;5;5;2;2;2;2;2;2;2;2;1;3;4;3;3;3;3;3;3;3;4;4;4;4;4;4;4;4;4;4
I354;3;2;3;3;3;3;3;2;4;4;2;2;3;2;3;3;2;2;2;3;4;4;4;4;3;4;4;3;3;3;3;3;3;3;3;3;3;3
I355;3;3;3;3;3;3;3;3;4;4;1;2;2;1;1;1;1;1;1;3;3;3;3;3;3;3;3;2;3;3;3;3;3;3;3;3;3;3
I356;3;4;4;4;4;3;3;4;5;5;2;2;2;2;2;3;2;2;2;3;4;3;3;3;3;3;3;3;2;2;3;2;2;3;3;2;3;2
I357;3;3;3;3;3;3;3;3;3;4;3;2;2;2;2;2;2;2;2;4;4;3;4;4;4;4;4;4;3;3;3;3;4;3;3;3;3;3
I358;3;4;4;4;3;4;3;3;4;5;1;1;1;1;1;1;1;1;1;4;5;5;5;4;4;5;4;5;3;3;3;3;3;3;4;3;3;3
I359;3;3;3;3;3;3;3;3;5;5;2;2;2;2;2;2;2;2;2;4;3;4;3;3;4;3;4;3;2;3;2;3;3;2;3;2;3;3
I360;2;2;2;3;2;2;2;2;4;4;2;1;2;1;2;1;1;2;2;4;4;4;4;4;4;4;4;4;1;2;1;1;1;2;1;2;2;2
I361;2;2;2;3;3;2;3;3;4;5;1;2;2;2;1;2;2;1;2;3;3;3;3;3;2;3;2;2;2;2;2;2;2;2;2;2;2;3
I362;2;2;3;3;3;3;2;3;4;3;3;3;3;2;2;2;3;2;2;4;4;3;4;3;3;3;4;4;3;3;3;3;3;3;3;3;2;3
I363;3;3;3;3;3;3;2;3;4;4;3;2;3;2;2;2;2;2;2;3;4;3;3;4;3;4;4;3;2;3;2;2;2;2;2;2;2;3
I364;3;3;3;3;3;3;3;2;4;4;1;1;1;1;2;1;1;2;1;4;4;4;4;4;4;4;4;4;2;2;2;2;2;2;2;2;2;2
I365;3;3;3;3;3;3;3;3;4;4;2;2;2;2;2;2;2;2;2;4;4;3;4;3;4;4;4;4;2;2;2;2;2;2;2;2;2;2
I366;2;3;3;3;3;3;2;3;3;3;1;1;1;2;1;1;1;1;2;4;4;3;3;4;4;3;4;4;2;2;2;2;3;2;2;2;2;2
I367;4;4;4;4;4;4;4;4;4;4;2;2;2;3;2;2;2;2;2;5;5;4;4;5;4;4;5;4;4;4;3;4;4;3;3;4;3;4
I368;2;2;2;3;2;2;2;3;3;4;2;2;2;1;2;1;1;2;2;2;2;2;2;2;2;2;2;3;2;2;2;2;2;2;2;2;3;2
I369;3;3;3;3;3;2;3;2;4;5;3;2;2;3;3;3;2;3;2;3;3;3;3;3;3;3;3;3;3;3;2;2;2;2;2;2;2;2
I370;3;3;3;3;3;3;3;3;5;5;1;1;1;1;2;1;1;1;1;4;4;3;4;3;4;4;3;4;3;2;3;2;2;3;2;2;3;3
I371;4;4;4;4;3;4;4;4;4;4;3;3;3;2;2;3;2;3;3;4;4;4;4;4;4;4;4;4;3;3;3;3;3;3;3;3;3;3
I372;3;3;3;3;3;3;3;3;3;3;2;2;2;2;2;2;1;2;2;3;3;4;3;3;3;3;3;3;3;3;3;3;2;2;2;2;2;2
I373;4;3;4;4;3;3;4;4;5;5;2;2;1;2;2;1;2;2;2;3;3;3;3;3;3;3;3;3;2;3;3;3;2;2;3;2;2;3
I374;2;2;2;2;2;2;2;2;3;3;2;2;2;2;2;2;2;2;2;3;3;4;4;4;3;4;3;4;4;3;4;4;4;4;4;4;4;3
I375;4;4;3;4;4;4;4;3;5;5;1;2;1;1;2;1;1;2;1;3;3;4;4;3;3;3;4;3;3;3;3;3;3;3;3;3;3;3
I376;2;2;3;2;3;3;3;2;5;5;1;1;1;1;1;1;1;1;1;4;4;4;4;4;4;4;4;4;4;4;4;3;4;3;3;3;4;3
I377;3;3;3;3;3;3;3;3;4;4;2;2;2;2;2;2;2;2;2;3;3;3;3;3;3;3;3;3;3;3;3;3;3;3;3;3;3;3
I378;3;2;2;2;3;2;3;3;4;4;3;3;3;2;3;3;3;3;3;4;4;4;4;3;4;4;4;4;3;3;3;3;3;3;3;3;3;3
I379;3;3;3;3;3;3;3;3;4;4;2;2;2;2;2;2;2;2;2;4;4;3;4;3;4;4;4;4;3;4;3;3;3;4;3;3;3;3
I380;4;4;4;4;4;4;4;4;4;4;2;2;2;2;2;2;2;2;2;3;3;3;3;3;3;3;3;3;3;3;3;3;3;3;3;3;3;3
I381;4;4;4;4;4;4;4;4;4;3;3;3;3;3;3;3;3;3;3;2;3;2;3;3;3;3;2;3;3;3;3;4;3;3;3;3;3;3
I382;2;2;2;2;3;3;3;3;4;4;2;2;1;2;2;2;2;2;2;3;4;3;3;4;4;3;4;3;4;3;3;3;3;3;3;3;3;3
I383;3;3;3;3;3;3;3;3;4;4;1;2;1;1;2;2;2;1;2;3;3;3;3;3;3;4;4;3;3;3;3;3;3;4;3;3;4;3
I384;4;4;4;4;4;4;4;4;4;4;2;2;2;2;2;2;2;2;2;4;4;4;4;4;4;4;4;4;2;3;3;2;3;3;2;2;3;3
I385;3;3;3;3;3;3;3;2;4;4;2;2;2;2;2;1;2;2;2;3;3;3;3;3;3;3;3;3;2;2;2;2;2;2;2;2;2;2
I386;3;3;3;3;3;3;3;3;3;3;1;2;2;2;2;2;2;2;2;4;4;4;4;4;4;4;4;4;3;2;3;2;3;3;3;3;3;3
I387;3;3;3;3;3;3;3;3;4;4;2;2;2;2;2;2;2;2;2;3;3;3;3;3;3;3;3;3;2;3;3;2;3;3;2;2;3;2
I388;4;3;4;3;3;3;3;3;4;4;2;2;2;2;2;2;2;2;2;3;3;3;3;3;3;3;3;3;3;3;3;3;3;3;3;3;2;3
I389;4;4;4;4;4;4;4;4;5;4;1;2;2;2;1;2;2;2;2;3;3;3;3;3;3;3;3;3;2;2;2;2;3;2;2;2;2;2
I390;3;4;3;3;3;3;3;3;3;3;1;1;1;1;1;1;1;1;2;3;3;3;3;3;3;3;3;3;3;3;3;3;3;3;3;3;3;4
I391;3;3;4;3;3;3;3;3;4;4;1;2;2;2;2;2;1;1;2;3;3;3;3;3;2;2;2;3;3;3;3;3;3;3;3;3;3;3
I392;3;3;3;3;3;2;2;3;4;5;1;1;1;1;1;1;2;2;2;4;4;4;4;4;3;4;4;4;4;4;4;4;4;4;4;4;4;4
I393;3;3;3;3;4;3;3;3;4;4;2;2;2;2;2;2;2;2;2;4;4;4;4;4;4;4;4;4;3;3;3;3;3;3;3;2;3;3
I394;3;2;3;3;3;2;3;3;4;4;2;2;2;2;2;2;2;2;2;3;3;4;4;4;3;3;3;3;2;2;3;3;2;3;2;3;2;3
I395;3;3;2;3;3;3;3;3;5;5;2;2;2;2;1;2;1;2;2;5;5;4;4;4;4;4;5;4;3;3;3;3;3;3;3;3;4;3
I396;3;4;3;4;3;4;3;4;5;5;1;2;1;1;1;2;1;1;1;4;5;4;5;4;5;4;4;5;3;3;3;3;3;3;3;3;3;3
I397;3;3;3;3;3;3;4;3;4;4;2;2;2;2;2;2;2;2;2;3;3;3;3;3;3;3;3;3;2;2;2;2;2;1;2;1;2;2
I398;3;3;3;3;3;3;3;3;4;4;2;2;3;3;2;3;2;2;3;3;4;3;4;3;4;4;3;3;3;3;3;3;3;3;3;3;3;3
I399;3;3;3;3;3;3;3;3;4;4;1;2;2;2;2;2;2;2;2;3;3;3;2;3;3;3;3;3;3;3;3;3;3;3;3;3;3;3
I400;4;3;3;3;4;3;4;4;5;4;3;3;2;2;3;3;3;3;2;5;4;4;4;4;4;4;4;5;3;3;3;3;3;3;2;3;3;3
I401;4;4;4;4;3;4;4;4;4;5;2;1;2;2;1;2;2;2;2;2;3;2;2;3;3;2;3;3;4;4;4;4;4;4;4;4;4;4
I402;3;3;3;3;3;3;3;3;4;4;3;3;3;3;3;3;3;3;3;4;4;3;4;4;4;4;4;4;3;3;3;3;3;3;3;3;3;3
I403;3;3;3;3;3;2;3;3;4;4;1;2;2;1;2;2;2;2;2;4;4;4;4;3;4;4;4;3;3;3;3;3;3;3;3;3;3;3
I404;3;3;3;3;3;3;3;3;4;4;3;2;3;2;3;3;3;2;3;3;4;3;4;4;4;4;4;3;2;2;2;3;2;3;2;3;3;3
I405;3;3;3;3;3;3;2;3;4;3;2;2;2;2;2;2;2;2;3;3;2;3;3;2;3;3;2;2;3;3;3;3;3;3;3;3;3;3
I406;2;3;2;2;2;3;3;2;4;4;2;2;2;2;2;2;2;2;2;4;3;3;3;3;4;4;4;3;3;3;3;3;3;3;2;3;3;3
I407;3;3;3;3;3;3;3;3;5;4;1;2;1;1;2;2;1;2;1;4;4;4;4;4;4;4;4;4;3;3;3;3;3;3;3;3;3;3
I408;4;3;3;3;3;3;3;3;4;4;2;2;2;2;2;2;2;2;2;4;4;4;4;4;5;4;4;4;3;2;3;3;3;3;3;3;3;3
I409;3;4;4;3;4;4;4;4;4;4;3;2;3;2;2;2;3;2;2;4;4;4;4;4;4;4;4;4;3;2;3;2;2;3;2;2;2;3
I410;2;2;2;2;2;2;2;2;4;4;2;2;2;2;2;2;2;2;2;3;4;3;3;3;3;3;3;3;3;2;2;2;2;2;3;2;2;2
I411;3;3;3;3;3;3;3;2;4;4;2;2;2;2;2;2;2;2;2;4;4;5;4;4;4;4;4;5;3;3;3;3;3;3;3;3;3;3
I412;3;2;3;3;3;3;3;3;4;4;3;3;3;3;3;3;3;3;3;3;3;3;3;3;3;3;3;3;3;3;3;3;3;3;3;3;4;3
I413;2;2;2;2;2;2;2;2;4;4;2;2;2;1;1;2;2;2;2;3;4;3;3;3;3;3;3;4;4;4;4;4;4;4;4;4;4;4
I414;2;3;2;3;3;3;2;3;4;4;2;2;2;2;2;2;2;2;2;4;4;3;4;4;4;3;4;4;2;2;2;3;2;2;3;2;2;3
I415;2;2;3;3;3;3;3;3;5;5;2;2;2;2;2;2;2;2;2;4;4;4;4;4;4;4;3;4;3;2;3;3;3;2;2;3;2;2
I416;3;3;2;3;3;3;3;3;4;3;3;3;3;3;3;3;3;3;3;4;4;4;4;4;4;4;4;4;3;3;3;3;3;3;3;3;3;3
I417;2;2;2;1;2;2;2;2;4;3;2;3;2;3;2;3;2;3;2;4;3;4;4;3;4;3;4;4;2;3;3;2;3;3;2;2;3;2
I418;3;3;3;3;3;3;3;3;3;4;2;2;2;2;2;2;2;2;2;3;3;2;3;2;3;3;3;3;3;2;2;2;2;3;2;3;2;2
I419;3;3;3;3;3;3;2;3;4;4;2;2;2;2;2;2;2;2;2;3;3;3;3;3;3;3;3;4;3;4;3;4;3;3;4;3;4;3
I420;4;4;4;4;4;4;4;4;4;3;2;3;2;3;2;3;2;3;3;3;3;4;3;3;4;4;4;4;3;3;3;3;3;3;3;3;3;3
I421;3;3;4;3;3;3;4;3;5;4;2;2;2;2;2;2;2;2;2;3;3;3;3;3;3;3;3;3;3;3;3;3;3;3;3;3;3;3
I422;3;2;2;2;2;2;2;2;4;4;2;2;2;3;2;2;2;2;2;3;3;4;4;3;3;3;4;3;3;3;3;4;3;4;3;3;3;3
I423;3;3;3;3;3;3;3;3;3;4;2;2;2;2;2;2;2;2;2;4;4;4;4;4;3;3;4;3;3;3;2;2;3;3;3;2;2;3
I424;3;3;3;3;3;3;3;3;5;5;2;2;2;2;2;2;2;2;2;3;3;3;3;3;3;3;3;3;3;3;3;3;3;3;3;3;3;3
I425;4;3;4;4;3;3;3;3;4;4;1;1;1;1;1;1;2;1;1;4;4;4;4;3;4;3;3;4;3;3;3;3;3;3;3;3;3;3
I426;3;3;3;3;3;3;3;3;3;3;1;1;1;1;1;1;1;1;1;3;3;3;3;3;3;3;3;3;4;4;4;4;4;4;4;4;4;4
I427;3;3;3;3;2;3;2;3;4;4;2;2;2;2;3;2;2;2;2;3;3;3;3;3;3;3;3;3;3;3;3;3;3;3;3;3;3;3
I428;3;3;3;3;3;3;3;3;5;5;3;3;3;3;3;3;3;3;3;3;3;3;3;3;3;3;3;3;3;3;3;4;4;3;3;4;3;3
I429;3;3;3;3;3;3;3;3;4;4;2;2;2;1;2;2;1;2;1;3;4;3;3;3;3;3;3;3;3;3;3;3;3;3;3;3;3;3
I430;3;3;3;3;3;3;3;3;4;4;3;3;3;3;2;3;3;3;3;3;3;3;3;3;3;3;3;3;3;3;4;4;3;4;4;4;4;3
I431;4;4;4;4;4;4;4;4;4;4;2;2;2;3;2;2;2;2;3;5;4;4;4;4;4;4;4;4;3;3;3;3;3;3;3;3;3;3
I432;3;3;2;3;3;3;3;3;4;4;3;2;3;3;3;3;3;3;3;3;3;3;3;3;3;3;3;3;3;3;3;3;2;3;2;3;3;2
I433;3;3;3;3;3;3;3;3;4;4;3;3;3;2;3;3;3;2;3;5;4;4;4;4;4;4;4;4;3;3;3;3;3;3;3;3;3;3
I434;2;3;2;3;2;3;2;3;4;4;2;2;2;2;2;2;2;2;2;3;3;3;3;3;3;3;3;3;3;2;2;3;2;2;2;2;2;2
I435;3;3;3;3;3;3;3;3;4;4;2;2;2;2;2;2;2;2;2;4;3;3;4;4;4;4;3;4;3;2;2;2;2;2;2;2;2;2
I436;3;3;4;3;3;3;3;3;4;4;2;2;2;2;2;2;2;2;2;4;3;3;4;3;4;3;3;3;4;3;3;3;4;3;3;3;3;3
I437;2;2;2;2;2;2;2;2;4;4;2;1;2;1;2;2;2;2;2;3;3;3;3;3;3;3;3;3;4;4;4;4;4;4;3;3;4;4
I438;3;3;3;3;3;3;3;2;4;4;2;2;2;2;2;2;2;2;2;4;4;4;4;4;4;4;4;4;3;3;2;2;3;2;3;2;3;2
I439;2;3;3;3;3;2;2;2;4;4;2;2;2;2;2;1;2;2;2;3;3;3;3;3;3;3;3;3;3;3;3;3;3;3;3;3;3;3
I440;4;4;4;4;4;4;4;4;4;4;3;3;2;2;3;3;2;3;3;3;3;3;3;3;2;3;2;3;3;3;3;3;3;2;3;2;3;3
I441;4;4;4;4;4;4;4;3;5;4;2;3;2;2;2;2;2;2;2;3;4;4;3;3;3;3;4;3;3;3;3;3;3;3;3;3;3;3
I442;3;3;3;3;3;3;3;3;5;5;2;2;2;2;2;2;2;2;2;4;3;3;4;3;3;4;3;3;3;3;3;3;3;3;4;4;3;3
I443;4;4;4;4;4;4;4;4;4;5;3;3;3;3;3;2;3;3;3;3;3;3;3;3;3;3;3;3;3;3;3;3;3;3;3;3;3;3
I444;3;2;3;3;3;2;3;2;5;5;2;2;3;2;2;2;2;2;2;4;4;4;4;3;4;4;4;4;4;4;3;3;3;4;4;4;3;4
I445;4;4;3;3;3;4;4;3;5;5;3;3;3;3;3;3;3;3;3;3;3;3;3;3;3;3;3;3;4;4;4;4;4;4;4;4;4;4
I446;3;3;3;2;3;2;3;3;4;4;1;1;1;1;1;1;1;1;1;4;4;4;3;4;4;4;4;4;3;3;3;3;3;3;3;3;3;3
I447;3;3;3;3;3;3;3;3;4;4;2;2;2;2;2;3;2;2;2;4;4;4;4;4;4;4;4;4;3;3;3;3;2;3;2;3;2;3
I448;2;3;3;3;3;3;3;3;3;3;2;1;1;1;1;1;1;2;1;3;2;3;3;3;2;2;3;3;3;3;3;3;3;3;3;3;3;3
I449;3;3;3;3;3;3;3;3;3;3;2;2;2;2;2;2;2;2;2;3;3;3;3;3;3;3;3;3;4;4;4;4;4;4;4;4;4;4
I450;3;3;3;3;3;3;3;3;5;5;2;2;2;1;1;2;2;2;1;3;3;3;3;3;3;3;3;3;2;1;2;2;1;1;1;1;2;1
I451;2;2;2;2;2;2;2;2;4;4;2;2;2;2;2;2;2;2;2;3;3;4;3;3;3;3;4;4;2;2;2;2;2;2;2;2;2;2
I452;3;3;3;3;3;3;3;3;5;5;2;2;2;2;2;2;2;2;2;4;4;4;4;4;4;4;4;4;3;4;4;4;4;4;4;4;4;4
I453;3;3;3;3;3;3;3;3;4;4;3;3;3;3;3;3;2;3;2;4;4;4;4;3;3;3;3;3;4;4;3;3;3;3;4;3;3;4
I454;3;3;3;3;3;2;3;3;4;4;2;2;2;2;2;2;2;2;2;3;3;3;3;3;3;3;3;3;3;3;3;3;3;3;3;3;3;3
I455;3;3;3;3;3;4;3;3;4;5;3;3;3;3;3;3;2;3;2;3;3;3;3;3;3;3;4;3;3;3;3;3;3;3;3;3;3;3
I456;3;3;3;3;3;3;3;3;3;3;2;2;3;2;2;2;2;3;2;5;5;5;5;4;4;5;4;4;2;2;2;2;2;2;3;2;2;2
I457;4;4;4;4;3;4;4;4;4;3;2;1;1;2;1;2;2;1;2;4;4;4;4;4;3;3;3;4;3;3;3;3;3;3;3;3;3;3
I458;3;3;3;3;4;3;3;3;5;5;2;2;2;2;2;2;2;2;2;3;3;3;3;3;3;3;3;4;3;2;3;3;3;2;3;2;3;2
I459;5;5;5;5;5;4;4;4;4;4;1;1;1;1;1;1;1;1;1;3;3;3;3;3;3;3;3;3;3;3;3;3;3;3;3;3;3;3
I460;3;3;3;3;2;3;3;2;4;4;2;2;2;2;2;2;2;2;2;3;2;2;2;2;2;2;2;2;2;2;2;2;2;2;2;2;2;2
I461;3;3;3;4;3;4;4;4;4;4;2;2;2;2;2;2;2;2;2;3;3;3;3;3;3;3;4;3;3;3;3;3;3;3;3;3;3;3
I462;4;4;4;4;4;4;4;4;3;4;2;2;2;2;2;2;2;2;2;4;4;4;4;4;4;3;3;4;2;2;2;3;3;3;3;3;3;3
I463;3;3;3;3;3;3;3;3;3;3;2;2;2;2;2;2;2;2;2;4;3;3;3;3;3;4;4;3;3;3;3;3;3;3;3;3;3;3
I464;3;3;2;3;3;3;3;3;3;3;2;1;2;2;2;2;1;1;2;4;4;4;4;4;4;4;4;4;3;3;3;3;3;3;3;3;3;3
I465;3;3;2;3;3;2;2;3;5;4;2;2;2;2;2;2;2;2;2;4;4;4;3;4;4;4;4;4;2;2;2;2;2;2;3;2;2;2
I466;3;3;3;3;3;3;3;3;4;4;2;2;2;2;2;2;2;2;2;5;5;5;5;5;5;5;5;5;3;3;3;3;3;3;3;3;4;3
I467;3;4;4;4;4;4;3;4;4;4;1;1;1;1;1;1;1;1;1;3;3;4;3;4;4;3;3;4;4;4;4;4;4;5;4;4;4;4
I468;4;3;3;3;4;3;3;3;4;5;1;2;2;1;1;2;2;1;2;3;3;3;3;3;3;3;3;3;2;1;2;2;2;2;1;2;1;1
I469;2;2;2;2;2;2;2;2;5;4;2;2;2;2;2;2;2;2;2;3;3;3;3;3;3;3;3;3;4;4;4;4;4;4;4;4;4;4
I470;2;3;3;3;2;3;3;3;4;3;3;2;3;3;2;2;3;2;2;4;3;3;3;3;3;3;4;4;3;3;3;3;3;3;3;3;3;3
I471;3;3;3;3;3;3;3;3;5;4;1;1;1;1;1;1;1;1;1;4;4;4;3;4;4;3;3;4;4;4;4;4;4;4;4;4;4;4
I472;2;2;2;2;2;2;2;2;5;5;2;2;2;2;2;2;2;2;2;3;3;3;3;3;3;3;3;3;3;3;3;3;3;3;3;3;3;3
I473;3;3;3;3;3;4;4;3;5;5;1;1;1;1;1;1;1;1;1;4;3;3;3;4;4;4;4;3;4;4;4;3;4;4;3;3;3;3
I474;1;2;2;2;2;2;1;2;4;4;3;2;3;2;3;2;2;2;3;4;4;4;4;4;4;4;4;4;3;2;3;3;3;3;3;3;3;3
I475;3;3;3;3;3;3;3;3;5;5;2;2;2;2;2;2;1;2;2;4;3;3;3;3;3;3;3;4;3;3;3;3;3;3;3;3;3;3
I476;3;3;3;3;3;3;3;3;4;5;2;2;2;2;2;2;2;2;2;3;3;3;3;3;3;3;3;3;4;3;3;3;4;3;3;3;3;3
I477;3;3;3;3;3;3;3;3;5;5;1;1;1;2;2;1;1;1;2;4;4;4;5;4;5;4;4;4;3;4;4;3;3;3;3;4;4;4
I478;2;3;3;3;3;3;3;3;5;5;1;1;1;1;1;2;1;1;2;4;4;4;4;4;4;4;4;4;3;3;3;3;3;2;2;3;3;3
I479;3;3;3;3;3;3;3;3;3;3;2;1;2;1;1;1;1;2;1;4;4;4;4;4;4;4;4;5;4;3;3;3;3;4;4;3;4;3
I480;3;3;3;3;3;3;3;3;4;4;2;2;2;2;2;2;2;2;2;4;3;4;3;3;3;3;4;4;3;3;3;3;3;3;4;3;3;3
I481;3;3;3;3;3;3;3;3;5;5;2;3;2;2;2;2;2;2;2;3;3;3;3;3;3;3;3;3;3;3;4;4;4;3;3;3;4;3
I482;2;2;2;2;2;2;2;2;4;4;2;2;2;2;3;2;2;2;2;3;3;3;3;4;3;3;3;3;2;2;3;2;2;2;2;2;2;2
I483;2;2;2;2;2;2;3;2;4;4;3;3;3;3;3;3;3;3;3;3;3;3;3;3;3;3;3;3;3;3;2;2;2;3;3;2;2;2
I484;3;2;2;2;2;2;2;2;4;5;2;2;2;2;2;2;2;2;3;4;4;4;4;5;4;4;5;4;3;3;3;3;3;3;3;3;3;3
I485;3;3;4;3;4;3;3;4;4;4;2;2;2;2;2;2;2;2;2;3;3;3;3;3;3;3;3;3;3;3;3;3;3;3;3;3;3;3
I486;3;3;3;3;3;3;3;3;4;4;2;2;2;3;3;2;2;2;2;4;4;3;4;4;4;4;4;4;3;3;3;3;3;3;3;3;3;3
I487;3;3;3;3;3;3;3;3;4;4;2;2;1;2;2;2;2;2;2;4;4;4;4;4;4;4;4;4;3;2;3;3;3;3;3;3;3;3
I488;2;2;2;2;2;2;2;2;4;4;3;3;2;3;3;3;3;3;3;4;4;4;4;4;4;4;4;4;3;3;2;3;3;3;3;3;2;3
I489;3;3;3;3;3;3;3;2;5;5;2;2;2;2;2;2;2;2;2;4;4;4;4;4;4;4;3;4;3;3;3;3;3;3;3;3;3;3
I490;3;3;4;3;3;3;3;3;4;4;3;3;3;3;3;3;3;3;3;4;4;4;4;4;4;4;4;4;3;4;3;3;3;3;3;3;3;3
I491;3;3;3;3;3;3;3;3;4;4;1;1;1;1;1;1;1;1;1;3;3;3;3;3;3;3;3;3;3;3;3;3;3;3;3;3;3;3
I492;3;3;3;3;3;3;3;3;3;3;1;2;1;2;1;1;2;1;1;3;3;4;4;4;4;4;3;3;3;3;3;3;3;3;3;3;3;3
I493;3;3;3;3;3;3;3;3;4;4;2;2;2;2;2;3;2;2;3;4;4;4;4;5;4;4;4;4;3;3;4;4;3;3;3;3;3;3
I494;4;3;4;4;4;4;4;4;4;4;3;2;2;2;2;2;2;3;2;4;4;4;4;4;4;4;4;4;3;3;3;3;3;3;3;3;3;3
I495;2;3;3;3;2;3;3;3;4;5;2;2;2;2;2;2;2;2;2;4;3;4;3;4;4;3;4;3;3;3;3;3;3;3;3;3;3;3
I496;4;4;3;3;3;3;3;3;4;4;1;1;1;1;1;1;1;1;1;3;3;3;3;3;3;3;3;3;4;4;4;4;4;3;3;3;3;4
I497;4;3;3;3;3;3;3;4;4;4;2;1;2;1;1;2;1;2;1;3;3;3;3;3;3;2;3;3;2;2;2;2;2;2;2;2;3;2
I498;2;3;2;3;2;3;3;2;4;4;3;2;2;2;3;2;2;3;3;3;3;3;3;3;3;3;3;3;3;3;3;3;3;3;3;3;3;3
I499;3;3;3;3;3;3;3;3;4;4;3;2;3;3;3;2;2;2;2;5;5;4;4;5;5;5;5;4;3;3;3;3;3;4;4;3;3;3
I500;3;3;3;3;3;3;3;3;4;4;2;2;2;2;2;2;2;2;2;2;2;2;2;3;2;2;3;3;3;3;3;3;3;3;3;3;3;3
I501;4;3;3;3;3;4;3;4;4;4;2;2;2;1;2;2;2;1;1;3;3;3;3;3;3;3;3;3;3;4;3;3;3;4;4;3;4;4
I502;4;4;4;3;3;4;3;4;3;3;1;1;2;1;1;1;1;1;1;4;4;5;4;4;4;4;4;4;3;3;3;3;3;3;3;3;3;3
I503;3;3;3;3;3;3;3;3;4;4;2;2;2;2;2;2;2;2;2;3;3;3;3;3;3;3;3;3;4;3;3;4;4;4;3;4;4;4
I504;3;3;3;3;3;3;3;3;4;4;2;2;2;2;2;2;2;2;2;5;5;4;5;4;4;4;4;5;3;3;3;3;3;3;3;3;3;3
I505;3;3;3;3;3;3;3;2;4;4;3;2;2;2;2;2;2;2;2;3;3;3;2;3;3;3;3;3;2;2;2;2;2;3;2;2;2;2
I506;2;3;3;3;3;3;3;3;3;3;3;3;3;3;3;3;3;3;3;4;4;4;4;4;4;4;4;4;3;3;3;3;3;3;3;3;3;3
I507;3;2;2;2;3;3;3;2;5;4;3;3;2;3;3;3;3;3;3;4;4;4;3;4;4;4;4;4;4;3;4;3;3;4;3;4;4;3
I508;3;2;2;2;2;3;2;2;5;4;3;2;2;3;2;2;2;2;2;3;4;3;4;4;4;4;4;4;3;3;3;3;3;3;3;3;3;3
I509;2;2;3;3;2;2;2;2;4;4;1;1;1;1;1;1;2;1;1;4;4;4;4;3;4;4;4;4;3;3;3;3;3;3;3;3;3;3
I510;4;3;3;3;4;3;3;3;3;4;2;2;2;2;2;2;2;2;2;3;4;4;4;3;3;3;3;4;4;4;4;4;4;4;4;4;4;4
I511;4;3;3;4;3;3;3;3;4;4;2;3;2;2;2;2;2;2;2;4;4;4;4;4;4;4;4;4;2;2;3;2;2;2;2;2;3;2
I512;3;3;3;3;3;2;3;3;4;4;1;2;2;1;2;2;2;1;2;4;3;3;3;3;4;3;3;3;3;3;3;3;3;3;3;3;3;3
I513;2;2;2;2;2;3;2;2;3;3;1;2;1;2;2;1;1;1;1;4;4;4;4;4;4;4;3;4;3;3;3;3;3;3;3;3;3;3
I514;3;3;3;3;3;3;3;3;4;4;1;1;1;2;1;2;1;2;1;3;4;4;4;4;4;4;4;4;3;3;3;3;3;3;3;3;3;3
I515;4;4;4;4;4;4;4;4;4;4;2;2;1;2;2;2;2;2;2;4;4;4;4;4;4;4;4;4;3;3;3;3;3;4;3;3;3;4
I516;4;4;4;4;4;4;4;4;3;3;2;1;2;2;1;2;1;1;1;3;3;4;3;3;4;3;3;4;3;3;3;3;3;3;3;4;3;3
I517;2;2;2;2;2;2;2;2;4;4;2;1;1;2;1;2;2;1;1;2;2;3;3;2;3;3;2;2;3;3;3;3;3;2;2;3;2;3
I518;3;3;3;3;3;3;3;3;4;3;2;2;1;2;1;2;2;2;2;4;4;3;4;3;4;4;4;4;3;3;3;3;4;3;3;4;3;3
I519;3;4;4;4;4;4;4;4;4;4;2;2;2;2;2;2;2;2;2;3;3;3;3;3;3;3;3;3;4;3;3;3;4;3;3;4;4;4
I520;3;3;3;3;3;3;3;3;4;4;2;2;2;3;3;2;2;2;2;3;4;4;4;4;4;4;4;4;2;3;3;3;3;3;3;3;3;3
I521;4;4;4;4;4;4;4;4;4;4;2;1;1;1;1;2;2;1;2;4;4;4;4;4;4;4;4;4;3;3;3;3;4;3;3;3;3;3
I522;3;3;3;3;3;3;3;3;4;4;2;2;2;2;2;2;2;2;2;3;3;3;3;3;3;3;3;3;4;4;5;5;4;4;4;4;4;4
I523;3;3;3;3;3;3;3;3;4;4;2;2;2;3;2;3;2;2;2;3;4;3;4;4;3;3;4;3;2;2;2;2;2;2;2;2;2;2
I524;3;3;3;3;3;3;3;3;5;5;2;2;3;2;2;2;2;3;2;4;4;4;4;4;4;4;4;4;4;4;4;4;4;4;4;4;4;4
I525;5;5;5;5;5;4;5;5;4;4;3;3;3;3;3;3;3;3;4;3;3;4;3;3;3;3;3;3;3;2;2;3;2;2;2;2;2;2
I526;3;3;3;4;4;3;4;3;4;4;1;2;1;1;2;1;2;2;2;4;5;5;5;4;4;5;4;5;3;3;3;3;3;2;3;3;3;3
I527;2;2;2;2;2;2;2;2;4;4;2;2;2;2;2;2;2;2;2;3;3;4;3;3;3;3;3;3;3;3;3;3;3;3;3;3;3;3
I528;3;3;3;3;2;3;3;3;4;4;2;2;2;2;2;2;2;2;2;3;4;3;3;3;4;3;3;3;4;4;4;4;3;3;4;4;3;3
I529;3;3;3;3;3;3;3;3;5;5;3;3;3;3;3;3;3;3;3;4;4;4;4;4;3;4;4;4;4;3;3;3;3;3;4;4;3;3
I530;2;2;2;2;2;2;2;2;3;3;1;2;2;2;2;2;2;2;2;3;3;2;3;3;3;3;3;3;2;2;2;2;2;2;2;2;2;2
I531;2;2;2;2;2;2;2;2;5;5;2;2;2;2;2;2;1;2;2;3;4;4;4;4;4;4;4;4;2;2;2;2;3;2;3;2;3;2
I532;2;2;3;2;3;3;2;3;3;3;3;2;2;2;3;2;3;2;2;3;2;2;3;2;2;2;2;3;3;3;3;3;2;3;3;3;3;3
I533;3;3;3;3;3;3;3;3;4;4;3;3;3;3;3;2;3;2;3;3;3;3;3;4;4;4;4;4;3;3;3;3;3;3;3;3;3;3
I534;4;4;3;3;3;3;4;4;3;3;2;2;3;3;2;2;3;2;2;5;5;5;5;5;5;5;5;5;3;3;3;3;3;3;3;3;3;4
I535;3;3;3;3;3;3;3;3;4;4;2;2;1;2;1;1;1;2;1;3;3;3;3;3;4;4;4;3;3;3;3;3;3;3;3;3;3;3
I536;3;3;3;3;3;4;3;2;4;4;1;2;2;2;2;2;2;2;2;4;4;4;4;4;4;4;4;4;3;3;3;3;3;3;3;3;3;3
I537;3;3;3;3;3;3;3;3;3;3;3;3;3;3;3;3;3;3;3;4;4;4;4;4;4;4;4;4;3;3;3;3;3;3;3;3;3;3
I538;3;3;3;2;3;3;3;3;4;4;1;1;1;1;1;1;1;1;1;4;4;4;4;4;4;4;4;4;4;4;3;4;3;4;3;3;4;4
I539;3;4;4;3;4;3;4;3;3;3;3;3;3;3;3;3;3;3;2;3;3;3;3;3;3;3;3;3;3;3;3;3;3;3;3;3;3;3
I540;2;2;2;3;2;2;3;2;2;2;2;2;2;3;2;3;3;3;2;4;4;3;4;4;4;4;4;4;3;3;3;3;3;3;3;3;3;3
I541;3;3;3;3;3;3;3;3;4;4;2;2;2;2;2;2;1;2;2;3;4;4;3;4;3;4;4;3;3;3;3;3;3;3;3;3;3;3
I542;3;3;3;3;3;3;3;2;5;4;2;2;2;2;2;2;2;2;2;3;3;3;3;3;3;3;3;3;2;3;3;3;2;2;2;2;2;2
I543;3;3;3;3;3;3;3;3;4;4;1;2;1;1;1;2;1;1;2;3;3;3;3;3;3;3;3;3;2;3;2;2;3;2;3;2;2;3
I544;4;4;4;4;4;4;4;4;4;4;2;2;2;2;2;2;2;2;2;4;4;4;4;4;4;4;4;4;3;3;3;3;3;3;3;3;3;3
I545;4;4;3;3;3;3;3;3;4;4;2;2;2;3;3;2;2;2;2;4;4;4;4;4;4;4;4;4;2;2;1;1;2;2;1;1;2;2
I546;3;4;3;4;3;4;4;4;4;4;2;3;3;2;2;2;2;2;3;3;3;3;3;3;3;3;3;3;4;4;3;4;3;4;4;4;4;3
I547;3;3;3;3;3;3;3;4;4;4;1;1;1;1;1;1;1;1;1;4;4;4;4;4;4;4;4;4;3;3;3;3;3;3;3;3;3;3
I548;3;3;3;3;3;3;3;3;5;5;2;2;2;2;2;2;2;2;2;4;4;4;4;4;4;4;4;4;3;3;3;2;3;3;3;3;3;3
I549;3;3;3;3;3;4;3;3;5;5;2;1;2;2;2;2;2;2;2;4;4;4;4;4;4;4;4;4;3;2;2;2;2;2;2;2;2;2
I550;4;4;4;4;3;4;4;3;4;4;2;2;2;2;2;1;2;2;2;4;5;4;4;4;4;4;4;4;3;3;3;3;3;3;3;3;3;3
I551;3;2;2;2;2;2;2;2;4;4;3;3;2;2;2;2;2;2;3;4;4;4;4;4;4;4;4;4;2;2;2;2;3;2;3;2;2;2
I552;3;3;3;3;3;3;3;3;4;4;2;3;3;2;2;2;3;2;3;5;4;4;4;4;4;4;4;4;2;3;3;2;3;3;3;3;3;3
I553;3;3;3;3;3;3;3;3;4;4;3;2;2;2;2;2;2;2;2;3;4;3;4;3;3;4;3;4;2;3;2;2;2;3;2;2;3;2
I554;3;3;4;3;4;3;3;3;4;4;1;2;1;2;2;1;1;2;2;3;3;3;3;3;3;3;3;3;3;3;3;3;3;3;3;3;3;3
I555;3;3;3;3;3;3;3;3;3;4;2;2;2;2;2;2;2;2;2;3;4;4;4;4;4;4;4;4;3;3;3;3;3;3;3;3;3;3
I556;3;3;3;3;3;3;4;3;5;5;2;2;2;2;2;2;2;2;3;4;4;3;3;4;3;3;4;4;4;3;4;4;3;4;3;3;3;3
I557;4;3;4;4;3;4;4;3;5;5;2;2;2;2;2;2;2;2;2;4;5;4;4;4;4;4;4;4;2;2;2;2;2;2;3;2;2;1
I558;2;3;2;2;2;2;2;2;4;4;1;1;1;1;1;2;1;1;1;4;4;4;4;4;4;4;4;4;3;4;4;3;3;4;4;3;3;3
I559;3;4;4;4;3;4;4;3;3;3;2;2;2;2;2;2;2;2;2;4;4;4;4;4;4;4;4;4;3;4;3;3;3;3;3;3;3;3
I560;2;2;3;2;2;2;2;2;3;4;1;2;2;1;2;2;2;2;2;2;3;3;3;3;3;3;3;3;3;3;3;3;3;4;3;4;4;3
I561;3;3;4;3;3;3;3;3;3;3;2;2;2;2;2;2;2;2;2;4;4;4;4;3;4;3;4;3;3;4;3;4;3;4;3;3;3;3
I562;3;3;3;3;3;3;4;3;4;5;2;2;2;2;2;2;2;2;2;4;4;4;4;4;4;4;4;4;3;3;3;3;3;3;3;3;3;3
I563;3;3;4;4;3;3;4;3;4;4;2;2;2;2;1;2;1;2;2;3;3;4;3;3;3;3;3;4;4;4;4;4;4;4;4;4;4;4
I564;3;3;3;3;3;3;3;3;4;4;3;3;3;3;3;3;3;3;3;4;4;3;4;4;4;4;4;4;3;3;3;3;3;3;3;3;3;3
I565;2;2;2;2;2;2;2;2;4;4;3;3;3;3;3;3;2;2;3;3;4;4;4;3;3;4;3;3;2;3;3;3;2;3;3;2;3;3
I566;2;2;2;2;2;2;2;2;5;5;3;2;3;3;2;3;3;3;2;4;4;4;4;4;4;4;4;4;3;4;3;4;3;3;3;3;3;3
I567;3;3;3;3;3;3;3;3;3;4;1;1;1;2;1;1;2;2;2;4;4;4;4;4;4;4;4;4;2;3;2;3;3;3;3;2;3;3
I568;3;3;3;3;3;3;3;3;4;4;2;2;2;2;2;3;3;2;3;3;3;3;3;3;3;3;3;3;4;3;4;4;4;4;4;4;4;4
I569;3;3;3;3;3;3;3;2;4;4;2;2;2;2;2;2;2;2;2;3;3;3;3;3;3;3;4;3;4;3;3;3;4;3;3;3;4;3
I570;3;3;3;3;3;2;3;3;4;4;2;2;2;3;2;2;2;2;2;3;3;3;3;3;4;3;3;3;3;3;3;3;3;3;3;3;3;3
I571;3;3;3;3;3;3;2;2;4;3;1;1;1;1;1;1;1;1;1;4;4;4;4;4;4;4;4;4;3;3;3;3;3;3;3;3;3;3
I572;3;3;3;3;3;3;3;3;4;4;2;2;2;2;2;2;2;2;2;4;4;4;4;4;4;4;4;4;3;3;3;4;3;3;4;3;4;3
I573;2;3;3;3;2;2;3;2;4;5;2;2;2;2;2;2;3;2;3;3;4;4;3;3;4;3;4;4;3;2;3;2;3;3;3;2;3;3
I574;2;2;2;2;2;2;2;2;4;4;1;1;1;1;1;1;1;1;1;3;4;4;4;4;4;4;4;4;2;2;2;2;2;2;2;2;3;2
I575;3;3;3;3;3;3;3;3;4;4;2;2;2;2;2;2;2;2;2;3;2;3;3;3;3;2;2;3;2;2;3;3;3;3;2;3;2;3
I576;3;4;3;3;4;4;4;4;4;3;2;2;2;2;2;2;2;2;2;4;4;4;4;4;4;4;4;4;4;4;4;4;4;4;4;4;4;4
I577;4;4;4;4;4;4;4;4;3;3;3;3;3;3;3;3;3;3;3;4;4;4;4;4;4;4;4;4;3;3;3;3;3;3;3;3;3;3
I578;3;3;3;3;3;3;3;3;4;4;2;2;2;2;2;2;2;2;2;3;3;3;3;3;3;3;3;3;3;3;3;3;3;3;3;3;3;3
I579;3;3;3;3;3;3;3;3;4;4;2;2;2;2;2;2;2;2;2;5;4;4;4;4;4;4;4;4;3;3;3;3;3;3;3;3;2;3
I580;3;3;3;3;3;4;3;3;4;4;2;2;2;2;2;2;2;2;2;4;3;4;4;3;3;3;3;4;3;3;3;3;3;3;3;3;3;3
I581;3;3;3;3;3;3;3;3;4;4;2;2;1;2;1;1;1;2;2;3;3;3;3;3;3;3;3;3;2;2;3;3;2;3;3;2;3;2
I582;3;3;3;2;3;3;3;3;4;4;2;2;2;2;2;2;2;2;2;5;5;4;5;5;5;4;4;4;4;3;3;4;3;4;3;3;3;3
I583;2;2;2;2;2;2;2;2;3;4;2;2;2;2;2;2;2;3;2;4;4;4;3;4;3;4;3;3;3;3;4;3;4;3;3;3;3;3
I584;2;2;2;2;2;2;2;2;4;4;1;1;1;1;1;1;1;1;1;4;4;4;4;4;4;4;5;4;3;3;3;3;3;3;3;3;3;3
I585;3;3;4;3;3;3;3;3;4;4;2;2;2;2;2;2;2;2;2;3;4;4;4;4;4;4;4;4;3;2;3;3;2;2;3;3;3;3
I586;3;2;2;2;2;2;2;2;5;5;2;2;1;1;2;2;2;2;1;3;3;4;3;3;3;4;4;3;3;3;2;3;3;3;3;2;3;3
I587;4;3;4;3;4;3;4;3;4;4;2;2;2;2;2;2;2;2;2;4;4;4;4;4;4;4;4;4;3;3;3;2;2;3;2;3;3;2
I588;2;2;3;3;2;2;2;2;4;4;2;2;2;2;1;1;2;2;1;4;4;4;4;4;4;4;4;4;3;3;3;3;3;3;3;4;3;3
I589;3;3;3;3;3;3;3;3;3;3;3;3;2;3;2;3;3;3;3;4;3;4;4;3;4;4;4;4;3;3;3;3;3;3;3;3;3;3
I590;3;3;3;3;3;3;3;3;4;4;2;2;2;2;2;1;2;2;2;3;3;4;4;4;3;4;3;3;3;4;3;3;4;3;4;3;4;4
I591;3;3;3;3;3;3;3;3;4;4;2;2;2;2;2;2;2;2;3;3;3;3;3;4;4;3;3;4;3;3;3;4;4;3;3;3;4;4
I592;3;3;3;3;3;3;3;3;4;4;2;3;2;3;3;3;3;2;3;3;3;3;3;3;4;3;4;3;3;3;3;3;2;3;3;3;3;3
I593;3;4;3;3;3;3;4;3;5;5;2;2;2;2;1;2;2;2;2;3;4;4;3;4;4;4;3;3;2;2;2;2;2;2;2;2;2;2
I594;3;3;3;3;3;3;3;3;5;4;2;2;2;2;2;2;2;2;2;3;4;4;4;4;4;4;4;4;2;3;2;3;3;3;3;3;3;3
I595;3;3;3;3;3;3;3;3;4;5;1;1;1;1;1;1;1;1;1;3;3;3;3;4;4;3;3;4;2;2;2;2;2;2;2;2;2;2
I596;3;3;3;3;3;3;3;3;4;4;2;2;2;2;3;2;2;2;2;4;3;4;4;3;4;3;4;4;3;2;3;3;2;2;2;2;2;2
I597;3;3;3;3;3;3;3;3;4;4;2;1;2;2;1;2;1;1;2;4;4;4;4;4;4;4;4;4;3;3;3;3;3;3;3;3;3;3
I598;3;4;4;4;4;4;4;4;4;4;3;2;2;2;3;2;2;2;2;4;4;4;4;4;4;4;4;4;2;2;3;2;2;2;3;2;2;2
I599;2;2;2;2;2;2;2;2;4;4;2;2;2;2;2;2;2;2;2;4;4;4;4;4;3;4;3;4;3;3;3;3;3;3;3;3;3;3
I600;4;4;3;3;3;4;4;4;4;4;2;2;2;2;2;2;3;3;2;4;4;4;4;4;4;4;4;4;3;3;3;4;3;3;3;4;3;3
I601;3;3;3;3;3;3;3;3;3;3;2;2;2;3;3;2;2;2;2;4;4;4;4;4;4;4;4;4;3;4;4;4;4;4;4;4;4;4
I602;3;3;3;3;3;3;3;3;4;3;2;2;2;2;2;2;2;2;2;4;4;4;4;4;4;4;4;4;3;3;3;3;3;3;3;3;3;3
I603;3;4;4;3;3;4;3;3;4;4;2;2;2;2;2;2;2;2;2;3;2;2;3;2;3;2;3;3;3;3;3;3;3;3;3;3;3;3
I604;3;4;3;3;3;3;3;3;4;5;2;2;2;2;2;2;2;2;3;4;4;4;4;4;4;4;4;4;2;3;3;3;2;2;2;3;3;2
I605;2;3;3;3;3;3;3;3;4;5;2;2;2;2;2;2;2;2;2;4;4;4;4;4;4;4;4;4;3;3;3;3;3;3;3;3;3;3
I606;4;4;4;4;4;4;4;4;4;4;2;2;2;2;2;1;2;2;2;4;3;3;3;3;3;4;4;4;3;2;3;3;3;3;2;3;3;3
I607;2;2;2;2;2;2;2;2;4;4;3;3;3;2;2;3;2;2;3;4;3;3;4;3;3;3;3;3;3;3;3;4;3;3;3;3;3;3
I608;3;3;3;3;3;4;4;4;4;4;2;2;2;2;2;2;2;2;2;3;3;3;3;3;3;3;3;3;3;3;3;3;3;3;3;3;3;4
I609;3;3;3;3;3;2;3;3;4;4;3;2;3;2;2;2;3;2;2;4;3;3;3;4;3;3;4;3;3;4;3;3;3;4;3;3;4;3
I610;2;2;2;2;3;2;2;2;4;4;3;2;2;2;2;2;2;2;2;4;3;4;4;4;4;4;4;4;3;3;3;2;3;3;2;3;3;2
I611;2;2;2;2;2;2;2;2;5;4;2;2;2;2;1;2;1;2;2;3;3;3;3;3;3;3;3;3;3;3;3;3;3;2;3;2;3;2
I612;3;3;3;3;3;3;3;3;4;4;2;2;2;2;2;2;2;2;2;3;3;3;3;4;4;4;3;4;2;2;3;2;2;2;2;2;2;2
I613;4;4;4;4;4;4;4;4;5;5;3;2;2;2;2;2;2;2;2;4;4;4;4;4;4;4;4;3;3;3;3;3;3;3;3;3;3;3
I614;3;3;3;3;3;3;3;3;3;3;2;2;2;2;2;2;2;2;2;4;3;4;3;3;3;3;4;3;3;3;4;3;3;3;3;4;3;4
I615;3;4;4;3;3;4;4;4;4;4;2;2;2;1;1;2;2;2;2;4;4;4;4;4;4;4;4;3;4;4;5;4;5;4;4;4;4;4
I616;4;4;4;3;4;3;4;3;3;4;1;1;1;1;1;1;1;1;1;3;3;3;3;3;3;3;3;3;3;3;3;3;3;4;3;4;3;3
I617;2;2;3;3;2;2;3;3;4;4;3;2;2;2;2;2;2;3;2;3;4;3;3;4;4;4;3;3;4;4;3;4;4;4;4;4;4;4
I618;4;3;4;4;3;4;4;3;4;4;1;1;1;1;2;2;1;2;1;2;3;2;2;3;3;2;3;3;4;4;4;4;4;4;4;4;4;4
I619;3;3;3;3;3;3;3;3;4;4;2;1;2;2;2;2;2;2;2;2;3;3;2;3;2;3;2;3;2;2;2;2;2;2;2;2;2;3
I620;3;3;3;3;3;3;3;3;4;4;2;2;2;2;1;2;2;2;2;4;4;4;4;4;4;4;4;4;3;3;3;3;2;3;3;3;3;3
I621;3;3;4;4;3;4;3;4;4;4;2;3;2;2;2;2;2;2;2;4;4;4;4;4;4;4;4;4;3;3;4;4;4;3;4;4;3;4
I622;3;3;3;3;3;3;3;4;5;5;2;2;2;2;2;2;2;2;2;4;4;5;4;4;4;4;4;5;3;3;3;3;3;3;3;3;3;3
I623;2;2;3;3;3;3;3;3;4;4;2;2;2;1;2;2;1;2;2;3;3;3;4;3;3;4;3;4;4;4;4;4;4;4;4;4;4;4
I624;3;3;3;3;3;3;3;3;3;4;2;2;2;2;2;1;2;2;2;4;4;4;4;4;4;4;4;4;3;3;3;3;3;3;3;2;3;3
I625;2;2;2;3;3;3;3;3;4;4;2;2;2;3;3;2;2;2;2;4;4;3;3;4;3;3;4;3;3;3;3;3;3;3;3;3;3;3
I626;3;3;4;3;4;3;3;3;5;4;2;2;2;2;2;2;2;2;2;3;3;3;3;4;3;4;3;3;3;3;3;3;3;3;4;3;3;3
I627;3;3;3;3;3;3;3;3;4;4;3;3;3;3;3;3;3;3;3;3;3;3;3;3;3;3;3;3;3;3;4;3;3;3;3;3;3;3
I628;3;3;3;3;4;3;4;3;3;3;1;1;1;1;1;1;1;1;1;3;3;3;3;3;3;3;3;3;4;4;4;4;4;4;4;4;4;4
I629;3;3;3;3;3;3;4;3;5;4;3;2;3;3;3;3;3;3;3;4;4;4;4;4;4;4;4;4;3;3;3;3;4;3;3;3;4;4
I630;3;3;3;3;3;3;3;3;4;4;2;1;2;2;2;1;2;2;1;4;4;4;4;4;4;4;4;4;3;3;3;3;3;4;3;3;3;3
I631;3;4;3;4;3;3;3;3;4;4;2;2;2;2;2;2;2;2;2;3;3;3;3;3;3;3;3;3;4;3;3;4;4;4;4;4;3;3
I632;3;3;3;3;3;3;3;4;4;4;2;2;2;3;3;3;2;2;2;4;4;3;4;3;4;4;3;3;3;3;4;3;4;3;3;4;3;3
I633;3;3;3;3;3;3;3;3;4;4;2;2;2;2;2;3;2;2;2;4;4;3;4;4;3;4;4;3;3;4;3;3;3;3;3;3;3;3
I634;4;3;4;4;4;3;4;4;4;4;2;2;2;2;2;2;2;2;2;3;3;3;3;4;3;3;3;3;3;3;3;2;2;3;3;3;3;3
I635;3;4;4;3;4;4;4;3;4;4;2;2;2;2;2;2;2;1;2;4;4;4;4;4;4;4;4;4;2;2;2;2;2;2;2;2;3;2
I636;2;3;3;3;3;3;3;3;4;5;2;2;2;1;2;2;1;2;2;2;2;2;2;2;2;2;2;2;4;4;4;4;3;3;3;4;4;4
I637;3;2;2;3;3;3;3;2;4;3;4;4;3;3;4;4;3;4;3;4;4;4;4;4;4;4;4;4;3;3;3;3;3;3;3;3;3;4
I638;3;3;3;3;3;3;3;3;4;4;1;1;1;1;1;1;1;1;1;4;4;4;4;4;4;4;4;4;2;2;2;2;2;2;2;2;2;2
I639;2;3;2;3;3;3;3;2;4;4;2;2;2;2;2;2;2;3;2;3;3;3;3;3;3;3;3;3;2;3;2;3;3;3;3;3;2;3
I640;3;3;3;3;3;3;3;3;4;4;2;2;2;2;2;2;2;2;2;4;5;5;5;4;5;5;5;5;2;2;2;2;2;2;2;2;2;2
I641;4;3;3;3;3;3;3;4;3;4;2;2;2;2;2;2;2;2;2;3;3;3;3;3;3;3;3;3;3;3;3;3;3;3;2;3;3;3
I642;3;3;3;3;3;3;3;3;4;4;2;2;2;2;2;2;2;2;2;3;3;3;3;3;3;3;3;3;2;2;2;2;2;2;2;2;3;2
I643;2;2;2;2;2;2;2;2;4;4;2;2;2;2;2;2;2;2;2;5;5;4;4;5;4;4;4;4;3;3;2;3;3;3;2;3;3;3
I644;3;3;4;3;3;3;3;3;4;4;2;2;2;2;2;2;2;2;2;3;4;3;4;3;3;3;3;3;3;4;3;3;4;4;4;4;3;4
I645;2;2;2;2;2;2;2;2;4;3;3;2;2;2;2;2;2;2;2;3;3;3;3;3;3;3;3;3;3;4;4;3;3;4;3;4;4;4
I646;2;2;2;2;2;2;2;2;4;4;3;3;3;3;3;3;3;3;3;5;5;4;5;5;4;4;4;4;3;3;3;3;3;3;3;3;3;3
I647;1;1;2;2;1;2;1;1;4;4;1;1;1;1;1;2;1;1;1;3;2;2;2;2;2;2;2;2;4;4;3;3;4;4;4;4;4;3
I648;3;3;3;3;3;4;3;3;5;4;2;2;2;2;2;2;2;2;2;3;3;3;3;3;3;3;3;3;3;3;2;3;2;3;2;2;2;3
I649;3;3;3;3;3;3;3;3;4;5;2;2;2;2;2;2;2;2;2;4;3;4;4;4;3;4;4;4;4;4;4;3;4;4;4;4;4;4
I650;4;3;3;3;3;4;3;3;4;4;2;2;2;2;2;2;2;2;2;3;3;3;3;3;3;3;3;3;4;3;4;3;3;4;4;3;3;3
I651;4;3;4;3;3;3;4;3;4;4;2;2;2;2;2;2;2;2;2;3;3;3;3;3;3;3;3;3;3;3;3;3;3;3;3;3;3;3
I652;3;3;3;3;3;3;3;3;4;4;1;1;2;2;2;1;1;1;2;3;3;3;3;3;3;3;2;3;3;3;3;3;3;3;3;3;3;3
I653;2;2;2;3;3;2;3;2;3;3;2;2;2;1;2;2;2;2;2;3;3;3;4;3;3;3;3;3;3;3;3;3;4;3;3;3;3;3
I654;3;4;3;3;3;4;3;3;3;3;2;2;2;2;2;2;2;2;2;3;3;3;3;3;3;3;3;3;3;3;3;3;3;3;3;3;3;3
I655;4;4;4;4;4;4;4;3;3;3;2;2;2;2;2;2;2;2;2;4;4;4;3;4;3;4;4;3;4;4;4;4;4;4;4;4;4;4
I656;2;2;2;2;2;3;3;2;4;5;2;2;3;2;2;2;2;2;2;3;3;3;3;4;3;3;3;3;3;3;3;3;3;3;3;2;3;3
I657;3;3;2;3;3;3;3;3;4;4;2;2;3;2;3;3;2;2;2;3;3;3;3;3;3;3;3;3;4;4;3;4;3;4;4;4;3;4
I658;2;3;3;3;3;3;3;3;3;4;2;2;2;2;2;2;2;2;2;4;4;4;4;4;4;4;4;4;3;3;3;3;3;3;3;3;3;3
I659;2;2;2;2;2;2;2;2;5;4;2;1;1;1;2;2;2;2;1;3;3;3;3;3;3;3;3;3;2;3;2;2;2;3;2;2;2;3
I660;3;3;4;3;3;3;3;3;4;4;2;2;2;2;2;2;2;1;2;4;3;3;4;4;3;3;3;3;3;3;3;3;3;3;3;3;3;3
I661;2;2;3;3;2;3;3;3;4;4;2;2;2;2;2;2;2;2;2;3;3;3;3;3;3;3;3;3;3;4;3;3;3;3;3;3;3;3
I662;4;4;4;4;4;4;4;4;4;5;2;1;1;1;1;2;1;1;1;4;4;4;4;4;4;4;4;5;4;3;3;3;3;3;3;3;3;3
I663;3;3;3;3;3;3;3;3;4;5;1;2;1;1;1;1;1;1;1;4;4;4;4;4;3;4;4;3;3;3;3;3;3;3;3;3;3;3
I664;3;3;3;3;3;3;3;3;4;5;2;2;1;2;1;2;2;1;1;4;3;3;4;3;4;3;4;3;3;3;2;2;2;2;2;2;3;2
I665;4;4;4;4;3;4;4;4;4;4;2;3;2;3;2;2;3;3;2;3;3;3;3;3;3;3;3;3;3;3;3;3;3;3;3;3;3;3
I666;3;3;3;3;3;3;3;3;5;5;2;3;2;3;2;2;3;2;3;4;4;4;4;4;4;4;4;5;3;3;3;3;4;3;4;3;3;3
I667;4;4;3;4;4;3;4;3;4;4;2;2;3;2;3;2;2;3;2;3;3;3;4;3;3;4;3;3;3;3;3;4;3;3;3;3;4;3
I668;3;3;4;3;3;3;3;3;4;5;1;2;2;2;2;1;2;2;2;4;4;4;4;4;4;4;4;4;3;2;3;3;3;3;3;3;3;3
I669;2;2;2;2;2;2;3;2;4;4;2;1;2;2;1;2;1;1;2;3;3;3;4;3;3;4;4;4;2;3;3;2;3;3;3;2;3;3
I670;3;3;3;3;3;3;3;3;4;4;2;2;2;2;2;2;2;2;2;4;3;4;4;4;3;4;3;3;3;4;4;4;4;4;4;4;4;4
I671;3;3;3;3;3;4;3;4;4;5;3;3;2;3;3;2;2;2;3;4;4;4;3;4;4;4;4;4;2;3;2;2;3;2;3;3;2;3
I672;3;3;3;3;3;3;4;3;4;4;2;2;2;2;2;2;2;2;2;4;3;4;4;4;4;4;4;4;2;2;3;2;2;2;2;2;2;2
I673;3;3;3;3;3;3;3;3;4;5;2;3;3;2;2;2;2;2;2;4;4;4;4;3;4;4;4;4;4;3;3;3;3;3;3;3;3;3
I674;2;2;2;2;2;3;3;2;4;4;2;2;2;2;2;2;2;2;2;4;4;4;4;4;4;4;4;4;3;3;3;3;3;3;3;3;4;3
I675;3;3;4;3;3;3;3;3;4;4;2;2;2;3;2;2;3;3;3;3;3;3;3;3;3;3;3;3;3;3;3;3;3;3;3;3;3;3
I676;2;2;3;3;3;3;2;3;3;3;2;2;2;2;2;2;2;2;2;3;3;2;3;3;3;3;3;3;3;3;3;3;3;3;3;3;3;3
I677;2;2;3;2;2;2;3;3;4;4;2;2;2;2;2;3;2;3;2;4;4;4;4;4;4;4;4;4;3;3;3;2;2;3;3;3;2;2
I678;3;3;3;4;3;3;3;4;4;4;2;1;2;2;1;1;2;2;1;4;3;4;4;3;4;4;4;4;2;2;2;2;2;2;2;2;3;2
I679;2;2;2;2;2;2;2;2;5;5;3;3;2;2;2;2;2;2;2;3;4;4;3;3;3;3;4;4;3;3;3;3;3;3;3;3;3;3
I680;3;3;3;3;3;3;3;3;4;4;2;2;2;2;1;2;2;2;2;4;4;3;3;4;3;4;3;4;4;4;4;4;4;4;4;4;4;4
I681;3;3;3;3;3;3;3;3;4;4;2;2;2;2;2;2;2;2;2;4;3;3;3;4;3;3;4;3;3;2;3;2;2;2;3;3;2;2
I682;2;2;2;3;3;2;2;3;4;4;2;2;3;3;3;2;2;3;3;4;4;4;4;4;4;4;4;4;3;3;3;3;3;3;3;3;3;3
I683;4;4;4;4;3;3;4;3;3;4;2;2;2;2;2;2;2;2;2;3;4;4;4;4;4;4;4;4;2;2;2;2;2;2;2;2;2;2
I684;3;3;3;3;3;3;3;3;3;3;3;3;3;3;3;3;3;3;3;3;3;3;3;3;3;3;3;3;4;4;3;3;4;3;4;4;4;3
I685;3;4;4;4;4;4;3;4;4;3;2;2;2;2;2;2;2;2;1;4;4;4;4;3;4;4;4;4;3;3;3;3;3;3;3;3;3;3
I686;3;3;3;2;3;3;3;3;4;4;2;2;2;2;2;2;2;2;2;3;3;3;3;4;3;3;4;3;3;2;2;3;2;2;2;3;2;2
I687;3;3;3;3;3;3;3;3;3;4;2;1;2;1;1;2;1;1;2;3;3;3;3;3;3;3;3;3;2;3;3;3;3;3;3;3;3;2
I688;3;3;3;3;3;3;3;3;4;4;2;2;2;2;2;2;2;2;2;3;4;3;4;3;3;3;3;3;2;2;2;2;2;2;2;2;2;2
I689;3;3;3;3;3;3;3;3;4;4;1;1;1;1;1;1;1;1;1;4;4;3;4;3;4;4;4;4;2;2;3;3;3;2;3;3;2;3
I690;2;3;3;3;3;3;3;3;4;4;2;1;2;2;1;1;2;1;1;4;4;4;4;4;4;4;4;4;3;3;3;3;3;3;3;3;3;3
I691;3;2;2;3;3;3;3;3;4;5;2;1;1;2;1;1;1;1;1;3;3;3;3;3;3;3;3;3;4;4;4;5;4;5;4;4;4;5
I692;2;2;2;2;2;2;3;3;3;3;1;1;1;1;1;1;1;1;1;3;3;3;3;3;3;3;3;3;3;3;2;2;2;3;2;3;2;3
I693;3;3;3;4;3;3;4;4;4;4;1;2;2;2;2;2;2;2;2;4;4;4;4;4;4;4;4;4;3;3;3;2;2;2;2;3;3;3
I694;3;2;3;2;3;3;2;2;4;4;1;1;1;1;1;1;1;1;1;4;4;4;4;4;4;4;4;3;2;2;2;2;2;2;2;2;2;2
I695;2;2;2;3;2;2;2;3;4;4;2;2;2;2;2;2;2;2;2;3;3;4;4;3;3;4;4;3;3;3;3;3;3;3;3;3;3;3
I696;3;2;3;3;2;3;3;3;5;4;2;2;3;2;3;3;3;3;3;3;3;3;3;3;3;3;3;3;3;3;3;3;3;3;3;3;3;3
I697;3;3;2;3;2;3;2;2;4;4;2;2;2;2;2;2;2;2;2;4;4;3;3;3;3;4;3;3;4;4;4;4;4;4;4;4;4;4
I698;2;2;2;2;2;2;2;2;3;4;2;1;2;2;2;2;2;1;1;3;3;3;4;4;3;3;4;3;3;3;3;3;3;3;3;3;2;3
I699;3;3;3;3;3;3;3;3;4;4;2;1;2;1;2;2;1;2;1;3;3;3;3;3;3;3;2;2;4;4;4;4;4;3;4;4;4;4
I700;3;3;3;3;3;3;3;3;5;5;2;2;2;2;2;2;2;2;3;3;3;3;3;4;3;3;3;3;3;3;3;3;3;3;3;3;3;3
I701;3;3;3;3;4;3;3;3;4;4;1;1;1;1;1;1;1;1;1;4;3;4;4;4;4;4;4;4;3;3;3;2;3;2;3;2;3;2
I702;3;3;3;3;4;3;3;3;3;3;2;2;2;2;2;2;2;2;2;3;4;4;3;4;4;4;4;4;3;2;2;2;3;2;2;3;2;2
I703;2;3;2;3;2;3;3;2;4;4;1;1;1;1;1;1;1;2;1;3;3;3;3;4;3;3;3;3;2;3;2;3;3;2;2;3;3;3
I704;3;3;3;3;3;3;3;3;5;5;2;2;2;2;2;2;2;2;2;3;3;3;3;3;3;3;3;3;4;3;4;3;4;3;4;4;3;3
I705;2;3;2;3;2;3;3;3;3;3;1;1;1;1;1;1;1;1;1;3;4;4;3;3;4;3;4;3;3;3;3;3;3;3;3;2;3;3
I706;3;3;2;3;3;3;3;3;4;4;2;2;3;2;2;2;2;3;2;3;3;3;3;3;3;3;3;4;3;3;3;3;3;3;3;2;3;3
I707;2;2;3;2;2;2;2;2;4;4;1;2;1;2;1;2;1;1;2;3;3;3;3;3;3;3;2;3;3;3;3;3;3;3;3;3;3;3
I708;3;2;2;2;2;3;2;2;4;4;2;2;2;2;2;2;2;2;2;3;3;3;3;3;3;3;3;3;4;4;4;4;3;4;4;4;4;4
I709;3;3;3;3;3;3;4;4;5;5;2;2;3;3;3;2;2;3;3;3;3;3;3;3;3;3;3;3;2;2;2;2;2;2;2;2;2;2
I710;3;3;3;3;3;3;2;2;4;4;1;1;1;1;1;2;1;1;1;5;5;5;5;5;5;5;5;5;2;2;3;2;2;3;3;3;2;3
I711;3;3;3;3;3;3;3;3;5;5;2;2;2;1;1;1;2;1;1;3;3;3;3;3;3;3;3;3;3;4;3;3;3;3;4;3;3;3
I712;4;4;4;4;4;4;4;4;3;3;2;1;2;2;1;2;1;1;1;2;3;3;3;2;3;3;3;2;4;4;4;4;3;4;4;3;4;4
