DC1-A;DC2-A;DC3-A;DC4-A;DC5-A;age;gender;academic_level
I1;0;0;0;0;0.053273685;1;2;3
I2;0;0;0;0;0.066258773;1;2;2
I3;0;-0.060400988;0;0;0;1;2;2
I4;0;0;0;0;0.103192687;1;2;2
I5;0;0;0;-0.078935348;0;1;2;3
I6;0.044173583;0;0;0;0;1;2;3
I7;0;0;0;0;0.096018534;1;2;3
I8;0;0;0;0.120659196;0;1;2;3
I9;0;0;0;0;0.092421674;1;2;3
I10;0;0;0;0;-0.00434416;1;1;3
I11;0;0;-0.086238474;0;0;1;2;3
I12;0;0;0;0;0.071121428;1;1;3
I13;0;0;0;0;-0.069424079;1;1;3
I14;0;-0.058474839;0;0;0;1;2;2
I15;-0.046026027;0;0;0;0;1;2;3
I16;0;-0.021580077;0;0;0;1;2;2
I17;0;0;0;0;0.030114257;1;1;3
I18;0;0;0.106672416;0;0;1;1;3
I19;0;0;0;-0.10563239;0;1;1;3
I20;0;0;0;0;0.056384803;1;2;3
I21;0;0;0;0;-0.105025653;1;1;3
I22;0;0;0;0.138260161;0;1;1;2
I23;0;0;0;0.032571341;0;1;1;2
I24;0;0;-0.076340963;0;0;1;2;3
I25;0;0;-0.077063112;0;0;1;2;3
I26;0;0;0;-0.091091626;0;1;2;3
I27;0.069330706;0;0;0;0;1;2;3
I28;0;0;0;0;-0.126326096;1;1;3
I29;0;0;0;-0.108067908;0;1;1;3
I30;0;0;0;-0.092128668;0;1;2;3
I31;-0.081572047;0;0;0;0;1;2;4
I32;0.104017427;0;0;0;0;1;1;3
I33;0;0;0;0.099961226;0;1;2;4
I34;0.030540403;0;0;0;0;1;1;3
I35;0.099182213;0;0;0;0;1;1;3
I36;-0.119451464;0;0;0;0;1;1;4
I37;-0.102315406;0;0;0;0;1;1;3
I38;0;0;0;0;-0.09931979;1;2;3
I39;0;0;0.076873343;0;0;1;2;4
I40;0;0;0;-0.039256236;0;1;2;4
I41;0.152831634;0;0;0;0;1;1;3
I42;0;0;0;0.129350303;0;1;2;2
I43;0;0;-0.039780514;0;0;1;1;3
I44;-0.063825344;0;0;0;0;1;2;4
I45;0;0;0;0;-0.073860172;1;1;3
I46;-0.103167285;0;0;0;0;1;1;3
I47;0;-0.071895216;0;0;0;1;2;3
I48;0;0;0;0;0.126115715;1;1;3
I49;0;0;0;0;0.071189504;1;2;3
I50;0;0;0;0;0.064671002;1;1;4
I51;0.04736323;0;0;0;0;1;2;5
I52;0;0;0;0;-0.07599155;1;1;3
I53;0.113936709;0;0;0;0;1;2;3
I54;0;0;0;0;0.078981348;1;2;4
I55;0;0;-0.004425988;0;0;1;1;2
I56;0;0;0;0.036447124;0;1;2;4
I57;0;0;0;0;0.12423452;1;2;3
I58;0;0.029935086;0;0;0;1;1;3
I59;0;-0.130508381;0;0;0;1;2;3
I60;0;0;0;0;0.042456088;1;2;5
I61;0;0;0;0;-0.084240025;1;1;3
I62;0;0;0;0.023123959;0;1;2;4
I63;0;0;0;0;0.021680571;1;2;3
I64;0;0;-0.065357085;0;0;1;2;4
I65;0;0;0.028991336;0;0;1;2;3
I66;0;0;0;0;0.054315113;1;2;4
I67;0;-0.07755108;0;0;0;1;1;4
I68;0;0;0;0.088717965;0;1;2;3
I69;0;0;-0.05660681;0;0;1;1;3
I70;0;0.108026916;0;0;0;1;1;3
I71;0;0;0;-0.09502239;0;1;1;1
I72;-0.092728432;0;0;0;0;1;2;4
I73;-0.037345728;0;0;0;0;1;2;3
I74;0;0;0.085113258;0;0;1;2;3
I75;0;0.060669059;0;0;0;1;2;3
I76;0;0;0;0;-0.045317068;1;2;3
I77;0;0;-0.03600812;0;0;1;1;3
I78;0;0.059022391;0;0;0;1;2;4
I79;0;0;0;-0.109023056;0;1;1;4
I80;-0.11291823;0;0;0;0;1;2;4
I81;0;0;0;0;0.129514334;1;1;4
I82;0;0.103981832;0;0;0;1;1;3
I83;0;0;0;0;0.057720001;1;1;3
I84;0.041444209;0;0;0;0;1;2;4
I85;0;-0.103512481;0;0;0;1;1;2
I86;0;0;0;0;0.074710694;1;2;3
I87;0;0;0;0;0.023077798;1;2;3
I88;0;-0.052076452;0;0;0;1;2;3
I89;0;0;-0.074151676;0;0;1;2;3
I90;0;0.162966264;0;0;0;1;2;3
I91;0;0;-0.089756951;0;0;1;2;3
I92;0;0;0;0;-0.115697961;1;2;3
I93;0;0;0;0;0.070287587;1;2;4
I94;0;0;0;0;0.113172199;1;1;4
I95;0;0;0.061674043;0;0;1;2;3
I96;0.05289849;0;0;0;0;1;2;4
I97;0.104495866;0;0;0;0;1;2;5
I98;0;0;0.053003822;0;0;1;1;3
I99;0;0;0;0;0.129511184;1;1;3
I100;0;0;-0.045820655;0;0;1;1;3
I101;0;0;-0.07072519;0;0;1;1;5
I102;0;0;0;0.102715337;0;1;2;3
I103;0;0;0.041947917;0;0;1;2;3
I104;0;0;-0.086715998;0;0;1;2;3
I105;-0.105648255;0;0;0;0;1;2;4
I106;0;0;0;-0.0322315;0;1;2;4
I107;0.089605166;0;0;0;0;1;2;4
I108;0.04114083;0;0;0;0;1;1;3
I109;0.041406232;0;0;0;0;1;1;4
I110;0;0;0;0;-0.025092069;1;2;4
I111;-0.085184974;0;0;0;0;1;1;3
I112;0.100113847;0;0;0;0;1;2;4
I113;0;-0.153381363;0;0;0;1;2;3
I114;0;0;0;0.089773898;0;1;1;3
I115;-0.090655581;0;0;0;0;1;2;4
I116;0;0;0;0;-0.04351154;1;1;4
I117;0.112683817;0;0;0;0;1;2;3
I118;0;0;-0.10935345;0;0;1;2;3
I119;0;0;0;0.067973493;0;1;1;3
I120;0;-0.093627072;0;0;0;1;2;4
I121;0;0;0;0;-0.06310062;1;2;3
I122;0;0;0;0;-0.106954901;1;2;3
I123;0;0;0;0;0.063495368;1;2;4
I124;0;0;0;-0.075078498;0;1;2;4
I125;0;0;0;0;0.073989339;1;2;4
I126;0;0;0.032592273;0;0;1;2;4
I127;0;-0.047780984;0;0;0;1;1;3
I128;0;0;0.085942494;0;0;1;2;3
I129;0;-0.089864253;0;0;0;1;2;4
I130;0;0;0;0;-0.023772656;1;1;3
I131;0.043644675;0;0;0;0;1;2;3
I132;0;0;0;0;-0.016911336;1;1;3
I133;0;0;0;-0.087496984;0;1;1;3
I134;0.049289474;0;0;0;0;1;1;3
I135;0.121153532;0;0;0;0;1;2;3
I136;0;0;0;0.09519111;0;1;2;3
I137;0.058706945;0;0;0;0;1;2;4
I138;0;0;-0.109736286;0;0;1;2;3
I139;0;0;0;-0.105715484;0;1;2;4
I140;0;0;0;0.05133346;0;1;2;3
I141;0;0.071890027;0;0;0;1;2;3
I142;0;0;0;0;-0.0634644;1;2;3
I143;0;0;0;0;-0.087304193;1;2;4
I144;0;0.110599375;0;0;0;1;1;4
I145;-0.103509346;0;0;0;0;1;2;3
I146;0;0;-0.095120115;0;0;1;2;4
I147;0;0;0;0;0.08088674;1;2;4
I148;-0.092138873;0;0;0;0;1;1;3
I149;0;0;0;0;0.045226692;1;2;3
I150;-0.081186419;0;0;0;0;1;2;3
I151;0;0;0;0;-0.018625178;1;2;3
I152;0;0;0.048239754;0;0;1;2;5
I153;-0.081576993;0;0;0;0;1;2;4
I154;0;0;0;0;0.081806844;1;2;3
I155;0;0;0;-0.101301445;0;1;1;3
I156;0;0;0;0;-0.141067404;1;2;3
I157;-0.030839716;0;0;0;0;1;1;4
I158;-0.042975579;0;0;0;0;1;1;3
I159;-0.078639024;0;0;0;0;1;1;4
I160;0;0;0;0;0.091586538;1;1;4
I161;-0.095198943;0;0;0;0;1;2;3
I162;0;0;0;0;-0.119828936;1;1;4
I163;0;0;0;0;0.091274281;1;2;4
I164;0;0;0;0.118765965;0;1;1;3
I165;0.025544037;0;0;0;0;1;2;3
I166;0;0;0;0;0.149405631;1;2;4
I167;0;0;0;0;-0.088518254;1;2;3
I168;0;0;0;0;-0.040661901;1;1;3
I169;0;0;0;-0.152303966;0;1;1;3
I170;0;0;-0.054510522;0;0;1;1;4
I171;0;0;0;0.04898722;0;1;1;2
I172;0;0;0;0.047426285;0;1;1;3
I173;0;0;0.10439139;0;0;1;1;3
I174;0;0;-0.141155109;0;0;1;1;3
I175;0;0.10109672;0;0;0;1;1;3
I176;0;0;0;0.075086392;0;1;1;3
I177;0;0;0.105662738;0;0;1;1;4
I178;0.089807918;0;0;0;0;1;1;5
I179;0;0;0;0;-0.038548227;1;1;5
I180;0;0;0;-0.102758074;0;1;1;5
I181;0;-0.024634716;0;0;0;1;1;5
I182;0;0;0;-0.094924799;0;1;1;5
I183;0;0;0;0.103466169;0;1;1;5
I184;0;0;0;-0.057476031;0;1;1;4
I185;0.021372727;0;0;0;0;1;1;5
I186;0;-0.054403046;0;0;0;1;1;5
I187;0;0;-0.044972447;0;0;1;1;5
I188;0;0.105136459;0;0;0;1;1;5
I189;0;-0.044996711;0;0;0;1;1;5
I190;0;0;0;-0.095533042;0;1;1;5
I191;0.080938318;0;0;0;0;1;1;5
I192;-0.057108171;0;0;0;0;1;1;5
I193;-0.059148239;0;0;0;0;1;1;5
I194;0;0;0.076994158;0;0;1;1;5
I195;-0.049129103;0;0;0;0;1;1;5
I196;0;0;0;0;0.085534287;1;1;5
I197;0.110641231;0;0;0;0;1;1;3
I198;0.090692238;0;0;0;0;1;1;5
I199;0.068382998;0;0;0;0;1;1;5
I200;0;0;0;0;-0.076585559;1;1;5
I201;-0.069961148;0;0;0;0;1;1;5
I202;0;0;0;0;0.040359753;1;1;5
I203;0;0;-0.11413399;0;0;1;1;3
I204;0;0.111723793;0;0;0;1;2;3
I205;0;-0.100195036;0;0;0;1;1;5
I206;-0.078846153;0;0;0;0;1;1;3
I207;0.092412546;0;0;0;0;1;1;5
I208;0.106808368;0;0;0;0;1;1;5
I209;0;0;0;0;-0.095011533;1;1;5
I210;0.063329518;0;0;0;0;1;1;5
I211;-0.083641447;0;0;0;0;1;1;3
I212;0;0;-0.106820206;0;0;1;1;5
I213;0;0;0;0.062741706;0;1;1;5
I214;0;-0.095956428;0;0;0;1;2;3
I215;0;0.151363118;0;0;0;1;2;4
I216;0.074337672;0;0;0;0;1;2;3
I217;0;0;0;0.098346081;0;1;2;3
I218;0;0;0;0;0.109668687;1;2;4
I219;0;0;0;0;-0.036780868;1;2;4
I220;0;0;0.109347236;0;0;1;2;4
I221;0;-0.100368621;0;0;0;1;2;4
I222;0;0;0;-0.06290061;0;1;1;4
I223;0.030555702;0;0;0;0;1;2;3
I224;0;0;0.068708566;0;0;1;2;3
I225;0;0;0;0;0.050107032;1;1;4
I226;0;0;0;0;-0.091112417;1;1;4
I227;0;0;0;0.110238692;0;1;1;4
I228;0;-0.114481602;0;0;0;1;1;4
I229;0;0;0;0.098077145;0;1;1;4
I230;0;0;-0.048876391;0;0;1;1;4
I231;0;0;0;0.077407345;0;1;2;3
I232;0.090916112;0;0;0;0;1;1;3
I233;0;0;0.11197963;0;0;1;2;3
I234;-0.083939822;0;0;0;0;1;2;3
I235;-0.045059268;0;0;0;0;1;2;3
I236;0;0.040912713;0;0;0;1;1;3
I237;0;0;0;0;0.065010829;1;1;3
I238;-0.03992135;0;0;0;0;1;1;3
I239;0;0;0;0;0.050476902;1;1;3
I240;0.038498987;0;0;0;0;1;2;4
I241;0;0;0.115746709;0;0;1;2;4
I242;0;0;0;0;0.081922914;1;2;3
I243;0;0;-0.079218258;0;0;1;1;3
I244;0;0;-0.06017594;0;0;1;1;4
I245;0;-0.120251079;0;0;0;1;1;4
I246;0;0;-0.099140648;0;0;1;1;3
I247;0.110238312;0;0;0;0;1;1;3
I248;0;0;0;0;0.041537144;1;1;3
I249;0;0;0;0;0.044795827;1;2;4
I250;0.069704771;0;0;0;0;1;1;3
I251;0;0;0;0.094323918;0;1;1;3
I252;0.004728476;0;0;0;0;1;1;4
I253;0;0;0;0.162868623;0;1;2;3
I254;-0.093316916;0;0;0;0;1;2;3
I255;0;0;-0.103773344;0;0;1;2;4
I256;0;0;0.046719456;0;0;1;2;4
I257;0;0;0.045451226;0;0;1;2;3
I258;0;0;0;-0.037932712;0;1;2;4
I259;0;0;0;0;-0.052143603;1;2;3
I260;0.075407033;0;0;0;0;1;1;3
I261;0;0;-0.053572724;0;0;1;2;4
I262;0;0;-0.079046998;0;0;1;1;2
I263;0;0;0;0;-0.094769197;1;2;4
I264;0;0;0.089359316;0;0;1;1;5
I265;0;0;0;0;-0.037711389;1;1;5
I266;0;0;0;0;0.040895093;1;1;5
I267;0.089645024;0;0;0;0;1;1;3
I268;0;-0.067152672;0;0;0;1;1;3
I269;0;0;0.078993946;0;0;1;2;3
I270;0;0;0;0.038700376;0;1;1;4
I271;0;0.133498298;0;0;0;1;2;4
I272;0;0;0;0;-0.011066385;1;2;4
I273;-0.12983485;0;0;0;0;1;2;3
I274;0;0;-0.04768505;0;0;1;1;4
I275;0;0;0;-0.038060812;0;1;1;4
I276;0;0;0;0;0.105400285;1;2;4
I277;0;0.088613807;0;0;0;1;1;3
I278;-0.077626456;0;0;0;0;1;1;3
I279;0;0;0;0.088732847;0;1;2;4
I280;0;0;0;0;0.07555263;1;1;4
I281;0;0;0;0;0.09781145;1;1;4
I282;0;0;0.098859506;0;0;1;1;3
I283;0;0;0;-0.09755235;0;1;2;5
I284;0;0;-0.059975061;0;0;1;1;4
I285;0;-0.141736364;0;0;0;1;2;3
I286;0;0;0;0;0.041688266;1;2;3
I287;0;0;-0.11752746;0;0;1;1;4
I288;0;0;0;-0.058152562;0;1;2;3
I289;0;0;0;0;-0.073868325;1;2;3
I290;0;0;0;0.122209724;0;1;1;4
I291;0;0;0.033981837;0;0;1;2;3
I292;0;0;0;0;-0.017973101;1;2;3
I293;0;0;0;0;-0.080248462;1;1;4
I294;0;0;0;0.129179986;0;1;2;4
I295;0;0.106136142;0;0;0;1;2;4
I296;0;0.04297658;0;0;0;1;2;3
I297;-0.083554276;0;0;0;0;1;2;3
I298;0;0.104030471;0;0;0;1;1;4
I299;0;-0.008478704;0;0;0;1;2;3
I300;0;-0.095090502;0;0;0;1;1;4
I301;0;0;0;0;0.023043713;1;1;3
I302;0;0;0;-0.093527297;0;1;2;4
I303;0;0.092903891;0;0;0;1;1;4
I304;0;0.114447175;0;0;0;1;2;4
I305;0.030699938;0;0;0;0;1;2;4
I306;-0.039702283;0;0;0;0;1;2;3
I307;0;0.112749458;0;0;0;1;1;4
I308;0;0;-0.071602108;0;0;1;2;5
I309;0;0;0.108826244;0;0;1;2;4
I310;0;-0.03991686;0;0;0;1;2;4
I311;0;0;0;-0.108694653;0;1;1;4
I312;0;0;0;0;-0.044049894;1;2;2
I313;0;0;0.053759561;0;0;1;2;4
I314;0;0;0.076855749;0;0;1;2;4
I315;0.039383097;0;0;0;0;1;1;3
I316;0.089800271;0;0;0;0;1;1;3
I317;0;0;0.056743349;0;0;1;1;3
I318;0;0;0;0;-0.076716146;1;2;4
I319;0;0;0;-0.107919965;0;1;1;3
I320;0.080985753;0;0;0;0;1;1;4
I321;0;0.083750468;0;0;0;1;2;3
I322;0;0;0;0.012424469;0;1;1;3
I323;-0.080880185;0;0;0;0;1;1;3
I324;0;0;0;0;-0.03183812;1;2;4
I325;0;0;-0.105848965;0;0;1;2;3
I326;0;0;0;0;-0.055184811;1;2;3
I327;0;0;0;0.066297568;0;1;2;4
I328;0;0;0;0;0.036417263;1;1;3
I329;0;0;0.063160812;0;0;1;2;3
I330;-0.05297865;0;0;0;0;1;2;3
I331;0;0;0;0;0.155756218;1;2;3
I332;0;0;0;0;-0.041717734;1;1;3
I333;0;0.102762518;0;0;0;1;2;3
I334;0;0.075301863;0;0;0;1;2;4
I335;0;0;-0.046071943;0;0;1;2;3
I336;0;0;0;0;-0.039558035;1;2;4
I337;0;0;0;0.095238782;0;1;1;5
I338;-0.112380731;0;0;0;0;1;2;4
I339;0;0;0.051226738;0;0;1;1;4
I340;0;0;0;0.094921409;0;1;2;3
I341;0;0;0;0;0.068629187;1;1;2
I342;0.063934559;0;0;0;0;1;2;4
I343;0;0;0;0.089619944;0;1;1;4
I344;0;0;0;-0.108187512;0;1;1;4
I345;0;-0.045045256;0;0;0;1;1;4
I346;0;0.102237178;0;0;0;1;2;4
I347;0;0;-0.040178368;0;0;1;2;4
I348;0;0;0;0;-0.074627153;1;2;5
I349;0;0;0;-0.104394666;0;1;2;4
I350;0;0;-0.078152198;0;0;1;2;5
I351;0;0.101751784;0;0;0;1;2;3
I352;0;0;0.046742514;0;0;1;2;3
I353;0;0.103753839;0;0;0;1;1;2
I354;0;0;0;0;-0.040550688;1;2;3
I355;0;0;0;0;0.08201884;1;1;4
I356;0;0;0;-0.060404944;0;1;2;4
I357;0;0;0;0;-0.032495188;1;2;4
I358;-0.108450729;0;0;0;0;1;1;4
I359;0;0;0;-0.033260064;0;1;1;4
I360;0;-0.153884493;0;0;0;1;1;3
I361;0;0;0;-0.111026017;0;1;1;4
I362;0;0;0;0;-0.043918337;1;1;4
I363;0;0;0;-0.072040783;0;1;1;4
I364;-0.097138745;0;0;0;0;1;1;4
I365;0;-0.093730578;0;0;0;1;1;4
I366;-0.084901748;0;0;0;0;1;1;4
I367;0;0;-0.119422435;0;0;1;1;4
I368;0;0;0;-0.1404747;0;1;1;4
I369;0;0;0;-0.097649182;0;1;2;2
I370;-0.08491576;0;0;0;0;1;2;2
I371;0;0;-0.101365155;0;0;1;2;3
I372;0;0;0;-0.066131151;0;1;2;4
I373;0;0;0;0;0.074076292;1;2;4
I374;0;0;0.090377198;0;0;1;1;4
I375;0;0;0;0;0.077470698;1;1;4
I376;-0.100288418;0;0;0;0;1;1;4
I377;0;0;0;0;0.030170268;1;1;4
I378;0;0;0;0;-0.097144955;1;1;4
I379;0;0;0;0.031307828;0;1;1;4
I380;0;0;0;0;0.069545926;1;1;4
I381;0.137750893;0;0;0;0;1;1;3
I382;0;0;0.04389642;0;0;1;2;3
I383;0;0;0;0;0.038506768;1;2;3
I384;0;0;-0.113737633;0;0;1;1;3
I385;0;0;0;-0.104450317;0;1;2;2
I386;0;-0.035350581;0;0;0;1;1;4
I387;0;0;0;-0.062487958;0;1;2;4
I388;0;0;0;0;0.041266294;1;1;3
I389;0;0;0;0;0.093288315;1;1;4
I390;0;0;0;0;0.085021548;1;2;3
I391;0;0;0;0;0.074780978;1;2;4
I392;0;0;0;0.108405794;0;1;1;4
I393;0;0;-0.038485537;0;0;1;1;3
I394;0;0;0;-0.051141063;0;1;2;4
I395;0;0;0;0.0500347;0;1;2;4
I396;-0.087203278;0;0;0;0;1;1;4
I397;0;0;0;-0.120170574;0;1;1;3
I398;0.04181059;0;0;0;0;1;1;3
I399;0;0;0;0;0.043467607;1;2;5
I400;0;0;-0.083985335;0;0;1;2;4
I401;0;0.144807718;0;0;0;2;2;4
I402;0;0;0;0;-0.083073247;2;1;3
I403;-0.027005905;0;0;0;0;2;1;4
I404;0;-0.0569373;0;0;0;2;2;3
I405;0;0;0.05271728;0;0;2;2;3
I406;0;0;0.050693208;0;0;2;2;3
I407;-0.060877652;0;0;0;0;2;2;4
I408;0;0;-0.043607903;0;0;2;1;4
I409;0;0;-0.100747836;0;0;2;2;4
I410;0;0;0;-0.093219709;0;2;1;3
I411;0;0;0;0;-0.050615939;2;2;3
I412;0.103961861;0;0;0;0;2;2;4
I413;0;0;0.113355171;0;0;2;1;4
I414;0;-0.07494414;0;0;0;2;2;4
I415;0;-0.062321338;0;0;0;2;1;4
I416;0;0;0;0;-0.095042813;2;2;4
I417;0;0;0;0;-0.075390088;2;2;2
I418;0;0;0;-0.090275372;0;2;2;3
I419;0;0.051386362;0;0;0;2;2;4
I420;0;0;-0.091573683;0;0;2;1;4
I421;0;0;0;0;0.03987719;2;1;4
I422;0;0;0.080762217;0;0;2;1;3
I423;0;-0.038438653;0;0;0;2;2;4
I424;0;0;0;0;0.030145537;2;2;3
I425;-0.069337145;0;0;0;0;2;2;3
I426;0;0.122066374;0;0;0;2;2;3
I427;0;0;0.042872352;0;0;2;2;3
I428;0.10777342;0;0;0;0;2;2;4
I429;0;0;0;0;0.042786656;2;1;3
I430;0.105355493;0;0;0;0;2;2;4
I431;0;0;-0.114545069;0;0;2;2;4
I432;0.088673739;0;0;0;0;2;1;4
I433;0;0;0;0;-0.084440775;2;2;4
I434;0;0;0;-0.093219896;0;2;2;4
I435;0;-0.080445906;0;0;0;2;2;3
I436;0;0.02826723;0;0;0;2;2;3
I437;0;0;0.120704876;0;0;2;2;4
I438;0;-0.064637183;0;0;0;2;2;4
I439;0;0;0.063334878;0;0;2;1;3
I440;0.100448555;0;0;0;0;2;1;4
I441;0;0;-0.065766497;0;0;2;2;4
I442;0;0.025232956;0;0;0;2;2;3
I443;0.113165307;0;0;0;0;2;1;3
I444;0;0;0;0.065176282;0;2;1;3
I445;0.127842868;0;0;0;0;2;2;4
I446;-0.098141338;0;0;0;0;2;2;3
I447;0;-0.047061274;0;0;0;2;2;3
I448;0;0;0;0;0.091718712;2;2;4
I449;0;0.109106898;0;0;0;2;2;2
I450;0;0;0;-0.150522285;0;2;2;3
I451;0;0;0;-0.099981146;0;2;2;5
I452;0;0;0;0.100561022;0;2;2;4
I453;0.075791461;0;0;0;0;2;2;4
I454;0;0;0.033235894;0;0;2;2;3
I455;0.083980582;0;0;0;0;2;2;4
I456;0;-0.122392806;0;0;0;2;2;3
I457;0;0;-0.076810308;0;0;2;1;4
I458;0;0;0;-0.047563748;0;2;2;4
I459;0;0;0;0;0.152394789;2;2;3
I460;0;0;0;-0.146574656;0;2;2;5
I461;0;0;0;0;0.0427675;2;2;3
I462;0;0;-0.102792414;0;0;2;2;4
I463;0.011545193;0;0;0;0;2;1;5
I464;-0.043945162;0;0;0;0;2;2;3
I465;0;-0.09742165;0;0;0;2;2;3
I466;0;0;0;0;-0.095284454;2;1;4
I467;0;0.120771824;0;0;0;2;2;4
I468;0;0;0;-0.129993766;0;2;2;4
I469;0;0;0.122478285;0;0;2;2;4
I470;0.043347378;0;0;0;0;2;2;3
I471;0;0;0;0.106017538;0;2;2;5
I472;0;0;0.105662738;0;0;2;1;4
I473;-0.069727673;0;0;0;0;2;2;4
I474;0;0;0;0;-0.10508023;2;2;3
I475;0;0;0;0;0.022665034;2;1;3
I476;0;0.040751795;0;0;0;2;1;4
I477;0;0;0;0.085090149;0;2;2;3
I478;-0.085624842;0;0;0;0;2;1;4
I479;0;0;0;0.069145028;0;2;2;4
I480;0;0.012998469;0;0;0;2;2;4
I481;0;0.056376116;0;0;0;2;1;3
I482;0;0;0;-0.103223674;0;2;2;4
I483;0;0;0;-0.092053361;0;2;1;4
I484;0;0;0;0;-0.087008082;2;1;4
I485;0;0;0;0;0.045206827;2;2;4
I486;0;0;0;0;-0.03798766;2;2;3
I487;0;-0.02830649;0;0;0;2;2;4
I488;0;0;0;0;-0.120341053;2;1;3
I489;0;0;0;0;-0.029772776;2;1;3
I490;0;0;0;0;-0.085880175;2;1;4
I491;0;0;0;0;0.088029108;2;2;5
I492;-0.053009386;0;0;0;0;2;1;4
I493;0;0;0;0;-0.053764675;2;2;4
I494;0;0;-0.098882024;0;0;2;2;2
I495;0;0;0.017314127;0;0;2;1;4
I496;0;0.09196003;0;0;0;2;1;4
I497;0;0;0;-0.092580792;0;2;2;4
I498;0;0;0.059585255;0;0;2;1;4
I499;0;0;0;0;-0.101564821;2;1;3
I500;0;0;0;0;0.071431641;2;2;3
I501;0;0.077289709;0;0;0;2;1;3
I502;-0.079588792;0;0;0;0;2;2;4
I503;0;0.082885699;0;0;0;2;2;5
I504;0;0;0;0;-0.060069494;2;1;4
I505;0;0;0;-0.103889307;0;2;1;3
I506;0;0;0;0;-0.094363435;2;2;4
I507;0;0;0;0;-0.102656366;2;2;3
I508;0;0;0;0;-0.060702415;2;1;4
I509;-0.098075304;0;0;0;0;2;1;3
I510;0;0.091268176;0;0;0;2;2;4
I511;0;-0.084277021;0;0;0;2;2;2
I512;0;0;0;0;0.030179758;2;1;4
I513;-0.081714377;0;0;0;0;2;1;4
I514;-0.065934378;0;0;0;0;2;1;2
I515;0;0;-0.103577701;0;0;2;2;4
I516;0;0;0;0;0.079863084;2;1;3
I517;0;0;0.130128534;0;0;2;2;3
I518;0;0;0;0.033011029;0;2;2;4
I519;0;0.080794373;0;0;0;2;2;3
I520;0;0;0;0;-0.036895985;2;2;5
I521;0;0;-0.100943777;0;0;2;2;3
I522;0;0.124971185;0;0;0;2;2;1
I523;0;0;0;-0.087706011;0;2;1;4
I524;0;0;0;0.105753724;0;2;2;4
I525;0;0;-0.15964644;0;0;2;2;4
I526;0;0;-0.082579733;0;0;2;2;2
I527;0;0;0.099180204;0;0;2;1;2
I528;0;0.062765866;0;0;0;2;2;2
I529;0;0;0;0;-0.08678608;2;2;3
I530;0;0;0;-0.1191942;0;2;2;2
I531;0;-0.090082221;0;0;0;2;2;3
I532;0;0;0.089976557;0;0;2;2;3
I533;0.065443135;0;0;0;0;2;2;4
I534;0;0;-0.116548116;0;0;2;1;5
I535;0;0;0;0;0.042378757;2;1;3
I536;0;0;0;0.026023479;0;2;2;5
I537;0;0;0;0;-0.089752972;2;2;3
I538;-0.090308522;0;0;0;0;2;2;4
I539;0.105831986;0;0;0;0;2;1;4
I540;0;0;0;0;-0.080109496;2;2;5
I541;-0.007851828;0;0;0;0;2;2;2
I542;0;0;0;-0.079954145;0;2;2;4
I543;0;0;0;0;0.075577455;2;2;4
I544;0;0;-0.107391995;0;0;2;2;3
I545;0;-0.136508909;0;0;0;2;1;4
I546;0;0.089677179;0;0;0;2;1;3
I547;-0.094835003;0;0;0;0;2;1;3
I548;0;0;0;0;-0.030853316;2;2;3
I549;0;-0.09325193;0;0;0;2;2;3
I550;0;0;-0.091358298;0;0;2;2;3
I551;0;-0.106601115;0;0;0;2;2;4
I552;0;0;0;0;-0.063394525;2;2;4
I553;0;0;0;-0.060568643;0;2;2;4
I554;0;0;0;0;0.066216749;2;1;1
I555;0;0;0;0;-0.024850663;2;2;4
I556;0;0;0;0.038418693;0;2;2;3
I557;0;-0.100031221;0;0;0;2;1;3
I558;-0.099063459;0;0;0;0;2;2;3
I559;0;0;-0.075716682;0;0;2;2;3
I560;0;0;0.106973632;0;0;2;2;4
I561;0;0;0;0.034423127;0;2;2;3
I562;0;0;-0.035058229;0;0;2;1;5
I563;0;0.107497043;0;0;0;2;2;2
I564;0;0;0;0;-0.083073247;2;2;5
I565;0;0;0;0;-0.078635939;2;2;5
I566;0;0;0;0;-0.111942144;2;1;4
I567;-0.065414116;0;0;0;0;2;2;3
I568;0;0.094786543;0;0;0;2;1;4
I569;0;0.042639599;0;0;0;2;2;3
I570;0;0;0.02624291;0;0;2;2;3
I571;-0.101664152;0;0;0;0;2;2;3
I572;0;0;0;0.048802593;0;2;1;4
I573;0;-0.037927171;0;0;0;2;2;2
I574;-0.126367678;0;0;0;0;2;2;2
I575;0;0;0;-0.069336241;0;2;2;4
I576;0;0;0;0.114107567;0;2;2;4
I577;0;0;-0.116908139;0;0;2;2;4
I578;0;0;0;0;0.030170268;2;2;4
I579;0;0;0;0;-0.037629856;2;2;4
I580;0;0;-0.009031738;0;0;2;1;4
I581;0;0;0;0;0.062399824;2;2;5
I582;0;0;0;0;-0.075000895;2;2;5
I583;0;0;0.080129754;0;0;2;1;4
I584;-0.119900176;0;0;0;0;2;1;4
I585;0;-0.039087363;0;0;0;2;2;4
I586;0;0;0.078938916;0;0;2;1;4
I587;0;0;-0.072860213;0;0;2;2;4
I588;-0.0542271;0;0;0;0;2;2;4
I589;0;0;0;0;-0.063078612;2;2;2
I590;0;0.04751726;0;0;0;2;2;2
I591;0;0.040880852;0;0;0;2;2;2
I592;0.06714108;0;0;0;0;2;2;2
I593;0;-0.079190752;0;0;0;2;2;2
I594;0;-0.033413298;0;0;0;2;2;4
I595;-0.089946622;0;0;0;0;2;2;2
I596;0;-0.065393891;0;0;0;2;2;4
I597;-0.051759178;0;0;0;0;2;1;3
I598;0;0;-0.113425252;0;0;2;1;4
I599;0;0;0.067296137;0;0;2;2;2
I600;0;0;-0.075133042;0;0;2;2;2
I601;0;0;0;0.09568236;0;2;2;2
I602;0;0;0;0;-0.031974872;2;2;4
I603;0;0;0;0;0.072494082;2;2;4
I604;0;-0.062552899;0;0;0;2;1;3
I605;0;0;0;0;-0.036473315;2;2;3
I606;0;0;-0.083238237;0;0;2;1;4
I607;0;0;0.091506075;0;0;2;1;3
I608;0;0;0;0;0.043221189;2;2;3
I609;0.039801321;0;0;0;0;2;2;5
I610;0;0;0;0;-0.061879804;2;2;5
I611;0;0;0.102406489;0;0;2;1;5
I612;0;0;0;-0.076835458;0;2;1;2
I613;0;0;-0.101627631;0;0;2;1;4
I614;0;0.035966767;0;0;0;2;2;3
I615;0;0;0;0.128429547;0;2;1;3
I616;0;0;0;0;0.109318498;2;2;4
I617;0;0.068555956;0;0;0;2;1;4
I618;0;0.147225017;0;0;0;3;2;4
I619;0;0;0;-0.114794163;0;3;1;2
I620;0;-0.027346006;0;0;0;3;2;5
I621;0;0;0;0.077761675;0;3;2;4
I622;0;0;-0.045202879;0;0;3;2;2
I623;0;0.092178489;0;0;0;3;1;2
I624;0;-0.027364393;0;0;0;3;2;4
I625;0;0;0.030184828;0;0;3;2;3
I626;0;0.026479198;0;0;0;3;2;3
I627;0.106290979;0;0;0;0;3;1;2
I628;0;0.125742541;0;0;0;3;1;3
I629;0;0;0;0;-0.082496337;3;1;3
I630;-0.040793591;0;0;0;0;3;1;3
I631;0;0.078206614;0;0;0;3;1;3
I632;0.03575498;0;0;0;0;3;2;5
I633;0;0;0;0;-0.019270112;3;2;4
I634;0;0;0;0;0.055230222;3;1;4
I635;0;0;-0.091635749;0;0;3;2;3
I636;0;0.130357885;0;0;0;3;2;3
I637;0;0;0;0;-0.137902916;3;2;3
I638;-0.112943961;0;0;0;0;3;1;4
I639;0;0;0;-0.050510694;0;3;2;4
I640;0;-0.140183506;0;0;0;3;2;3
I641;0;0;0;0;0.041037262;3;2;1
I642;0;0;0;-0.096340637;0;3;2;1
I643;0;0;0;0;-0.089685787;3;2;1
I644;0;0.066300824;0;0;0;3;1;4
I645;0;0;0.114344576;0;0;3;2;4
I646;0;0;0;0;-0.156862427;3;1;3
I647;0;0;0.219732374;0;0;3;2;1
I648;0;0;0;-0.060049901;0;3;1;4
I649;0;0;0;0.089949078;0;3;2;4
I650;0;0.062281871;0;0;0;3;2;3
I651;0;0;0;0;0.044568395;3;2;3
I652;0;0;0;0;0.069073071;3;2;3
I653;0;0;0.069554667;0;0;3;1;4
I654;0;0;0;0;0.040075921;3;2;3
I655;0;0;0;0.100774113;0;3;2;4
I656;0;0;0.077077024;0;0;3;2;4
I657;0;0.076488285;0;0;0;3;2;2
I658;0;0;0;0;-0.036448584;3;2;2
I659;0;0;0.096715441;0;0;3;2;5
I660;0;0;0;0;0.0206493;3;1;5
I661;0;0;0.056381711;0;0;3;2;2
I662;0;0;-0.103795048;0;0;3;1;5
I663;-0.080657639;0;0;0;0;3;1;4
I664;0;0;0;-0.053771811;0;3;2;3
I665;0.075404132;0;0;0;0;3;1;3
I666;0;0;0;0;-0.067610372;3;1;2
I667;0.056529737;0;0;0;0;3;2;4
I668;0;0;-0.035817143;0;0;3;2;3
I669;0;0;0.072974059;0;0;3;2;3
I670;0;0;0;0.079780692;0;3;2;3
I671;0;-0.061357833;0;0;0;3;2;3
I672;0;-0.0885366;0;0;0;3;2;3
I673;0;0;0;0;-0.039123359;3;1;4
I674;0;0;0;0;-0.063072084;3;2;3
I675;0.060776558;0;0;0;0;3;1;3
I676;0;0;0.057593257;0;0;3;1;4
I677;0;-0.066605854;0;0;0;3;1;4
I678;0;-0.075085517;0;0;0;3;1;3
I679;0;0;0.082305078;0;0;3;2;4
I680;0;0;0;0.08959094;0;3;2;3
I681;0;0;0;-0.056872527;0;3;1;4
I682;0;0;0;0;-0.088208286;3;2;4
I683;0;-0.089194626;0;0;0;3;1;3
I684;0.114323036;0;0;0;0;3;2;3
I685;0;0;-0.081668545;0;0;3;2;3
I686;0;0;0;-0.071561508;0;3;1;3
I687;0;0;0;0;0.064311254;3;1;3
I688;0;0;0;-0.09464113;0;3;1;2
I689;-0.094888807;0;0;0;0;3;1;3
I690;-0.062921343;0;0;0;0;3;1;3
I691;0;0.13820077;0;0;0;3;1;2
I692;-0.081272249;0;0;0;0;3;2;5
I693;0;0;-0.061172841;0;0;3;2;3
I694;-0.118516043;0;0;0;0;3;2;3
I695;0;0;0.063453193;0;0;3;1;4
I696;0.072076222;0;0;0;0;3;2;3
I697;0;0.085367649;0;0;0;3;2;2
I698;0;0;0.088952739;0;0;3;2;3
I699;0;0.116166642;0;0;0;3;2;3
I700;0.025147471;0;0;0;0;3;2;5
I701;-0.09752579;0;0;0;0;3;1;4
I702;0;-0.067019195;0;0;0;3;2;3
I703;-0.071434571;0;0;0;0;3;2;3
I704;0;0.065135482;0;0;0;3;2;3
I705;-0.084459487;0;0;0;0;3;1;2
I706;0.032814191;0;0;0;0;3;1;5
I707;0;0;0.104603642;0;0;3;2;5
I708;0;0;0.100032294;0;0;3;1;5
I709;0;0;0;-0.10816869;0;3;2;5
I710;-0.137617437;0;0;0;0;3;1;4
I711;0;0;0;0;0.059452497;3;2;1
I712;0;0.131610078;0;0;0;3;1;1
